course,courseofferedby,term,dayperiod,semesteroffered,maininstructor,classroom
英語ⅠＡ,共通,2023年度,月1,前期,Adrian Smith,E1-304(東1号館)
英語ⅠＡ,共通,2023年度,月1,前期,遠藤 史,E1-210(東1号館)
英語ⅠＣ,共通,2023年度,月1,前期,松田 デイビッド,E1-305(東1号館)
スポーツ実習Ａ,共通,2023年度,月1,前期,藤永 博,体育館(卓球場)
英語ⅠＡ,共通,2023年度,月2,前期,Adrian Smith,E1-304(東1号館)
日本学概論,共通,2023年度,月2,前期,安本 博司,E1-103(東1号館)
英語ⅠＡ,共通,2023年度,月2,前期,遠藤 史,E1-210(東1号館)
英語ⅠＡ,共通,2023年度,月2,前期,滝口 智子,E1-208(東1号館)
英語ⅠＡ,共通,2023年度,月2,前期,中嶋 彩佳,E1-209(東1号館)
英語ⅠＡ,共通,2023年度,月2,前期,松田 佳奈,E1-301(東1号館)
英語ⅠＣ,共通,2023年度,月2,前期,松田 デイビッド,E1-305(東1号館)
スポーツ実習Ｃ,共通,2023年度,月2,前期,藤永 博,体育館(卓球場)
心理学概論,共通,2023年度,月3,前期,米澤 好史,E1-101(東1号館)
英語ⅠＡ,共通,2023年度,月3,前期,Adrian Smith,E1-304(東1号館)
英語ⅢＡ,共通,2023年度,月3,前期,城山 雅宏,E1-201(東1号館)
日本学演習,共通,2023年度,月3,前期,安本 博司,E1-205(東1号館)
英語ⅠＡ,共通,2023年度,月3,前期,滝口 智子,E1-208(東1号館)
英語ⅠＡ,共通,2023年度,月3,前期,亀山 幸枝,E1-210(東1号館)
英語ⅠＡ,共通,2023年度,月3,前期,中嶋 彩佳,E1-209(東1号館)
英語ⅠＡ,共通,2023年度,月3,前期,松田 佳奈,E1-301(東1号館)
英語ⅠＣ,共通,2023年度,月3,前期,"Collins, Kevin Keyes",E1-305(東1号館)
英語ⅠＡ,共通,2023年度,月4,前期,Adrian Smith,E1-304(東1号館)
英語ⅢＡ,共通,2023年度,月4,前期,城山 雅宏,E1-201(東1号館)
囲碁から広がる教養の世界,共通,2023年度,月4,前期,今村 俊也,図書館マルチルーム1(西5号館)
英語ⅠＡ,共通,2023年度,月4,前期,亀山 幸枝,E1-210(東1号館)
国際理解とフィールドスタディⅡ,共通,2023年度,月5,前期,藤山 一郎,E1-208(東1号館)
情報処理ⅠＡ,共通,2023年度,月5,第1クォーター,佐々木 壮太郎,E1-103(東1号館)
人工知能の初歩,共通,2023年度,月5,第1クォーター,松田 憲幸,E1-101(東1号館)
情報処理ⅠＢ,共通,2023年度,月5,第2クォーター,佐々木 壮太郎,E1-210(東1号館)
人工知能概論,共通,2023年度,月5,第2クォーター,松田 憲幸,E1-101(東1号館)
英語ⅢＡ,共通,2023年度,火1,前期,城山 雅宏,E1-201(東1号館)
英語Ａ,共通,2023年度,火1,前期,遠藤 史,E1-210(東1号館)
データサイエンス実践,共通,2023年度,火1火2,第1クォーター,吉野 孝,"学術情報センター第1演習室(西5号館), 学術情報センター第3演習室(西5号館)"
自然と環境,共通,2023年度,火1,第2クォーター,中島 敦司,E1-203(東1号館)
ロボット学,共通,2023年度,火1,第2クォーター,村田 頼信,E1-102(東1号館)
ジェンダー論,共通,2023年度,火1,第2クォーター,岡田 真理子,E1-101(東1号館)
生と死を考える,共通,2023年度,火1,第2クォーター,小関 彩子,E1-103(東1号館)
観光と色彩,共通,2023年度,火2,前期,北村 元成,学術情報センター第3演習室(西5号館)
社会科学方法論,共通,2023年度,火2,前期,内田 みどり,E1-205(東1号館)
英語ⅢＡ,共通,2023年度,火2,前期,城山 雅宏,E1-201(東1号館)
日本語初級Ａ,共通,2023年度,火2,前期,中野 律,E1-209(東1号館)
日本語中級Ａ,共通,2023年度,火2,前期,嶋本 圭子,E1-210(東1号館)
日本語上級Ａ,共通,2023年度,火2,前期,長友 文子,E1-208(東1号館)
言語学,共通,2023年度,火2,第2クォーター,遠藤 史,E1-102(東1号館)
現代日本の教育課題,共通,2023年度,火2,第2クォーター,越野 章史,E1-203(東1号館)
倫理学,共通,2023年度,火2,第2クォーター,小関 彩子,E1-103(東1号館)
現代社会におけるリーダーシップ,共通,2023年度,火2,第2クォーター,竹林 明,E1-101(東1号館)
ドイツ語中級Ａ,共通,2023年度,火3,前期,千田 まや,E1-205(東1号館)
日本語初級Ｂ,共通,2023年度,火3,前期,嶋本 圭子,E1-210(東1号館)
日本語中級Ｂ,共通,2023年度,火3,前期,安本 博司,E1-208(東1号館)
日本語上級Ｂ,共通,2023年度,火3,前期,中野 律,E1-209(東1号館)
博物館概論,共通,2023年度,火3,前期,橋本 唯子,E1-103(東1号館)
近代日本の教育課題,共通,2023年度,火3,第1クォーター,越野 章史,E1-101(東1号館)
日本事情（日本の社会と文化）,共通,2023年度,火4,前期,長友 文子,E1-208(東1号館)
ドイツ語入門,共通,2023年度,火4,前期,千田 まや,E1-205(東1号館)
フランス語入門,共通,2023年度,火4,前期,藤本 智成,E1-206(東1号館)
ハングル入門,共通,2023年度,火4,前期,高木 麻里,E1-203(東1号館)
情報処理ⅠＡ,共通,2023年度,火5,第1クォーター,芦田 昌也,E1-103(東1号館)
情報処理ⅠＢ,共通,2023年度,火5,第2クォーター,芦田 昌也,E1-208(東1号館)
サイエンス論,共通,2023年度,水1,第1クォーター,満田 成紀,E1-102(東1号館)
ワーク・ライフ論,共通,2023年度,水1,第1クォーター,岡田 真理子,E1-101(東1号館)
哲学,共通,2023年度,水1,第1クォーター,小関 彩子,E1-103(東1号館)
経済学の考え方,共通,2023年度,水1,第2クォーター,阿部 秀二郎,E1-103(東1号館)
歴史の見方・考え方,共通,2023年度,水1,第2クォーター,長廣 利崇,E1-203(東1号館)
宗教学,共通,2023年度,水1,第2クォーター,小関 彩子,E1-101(東1号館)
文学,共通,2023年度,水1,第2クォーター,千田 まや,E1-102(東1号館)
人文地理学,共通,2023年度,水2,前期,山神 達也,E1-303(東1号館)
日本語初級Ｃ,共通,2023年度,水2,前期,嶋本 圭子,E1-210(東1号館)
日本語中級Ｃ,共通,2023年度,水2,前期,長友 文子,E1-208(東1号館)
日本語上級Ｃ,共通,2023年度,水2,前期,藤永 真理子,E1-206(東1号館)
スポーツ実習Ｆ,共通,2023年度,水2,前期,腹巻 宏一,体育館(武道場)
天文学,共通,2023年度,水2,第1クォーター,秋山 演亮,E1-101(東1号館)
地球科学,共通,2023年度,水2,第1クォーター,此松 昌彦,E1-102(東1号館)
驚異の小宇宙・遺伝子,共通,2023年度,水2,第1クォーター,藤永 博,E1-103(東1号館)
地域学,共通,2023年度,水2,第2クォーター,藤田 和史,E1-102(東1号館)
食農学,共通,2023年度,水2,第2クォーター,岸上 光克,E1-101(東1号館)
災害科学,共通,2023年度,水2,第2クォーター,此松 昌彦,E1-103(東1号館)
知的財産権,共通,2023年度,水2,第2クォーター,似内 映之,E1-203(東1号館)
日本語初級Ｄ,共通,2023年度,水3,前期,南方 里衣子,E1-210(東1号館)
日本語中級Ｄ,共通,2023年度,水3,前期,安本 博司,E1-208(東1号館)
日本語上級Ｄ,共通,2023年度,水3,前期,嶋本 圭子,E1-209(東1号館)
英語Ａ１,共通,2023年度,水3,前期,疋田 知美,E1-205(東1号館)
英語Ｂ１,共通,2023年度,水3,前期,梅田 礼子,E1-201(東1号館)
英語Ｃ１,共通,2023年度,水3,前期,松田 デイビッド,E1-305(東1号館)
英語Ｄ１,共通,2023年度,水3,前期,Edmundo Gonzalez Jr.,E1-301(東1号館)
英語Ｅ１,共通,2023年度,水3,前期,藤永 真理子,E1-206(東1号館)
英語Ｆ１,共通,2023年度,水3,前期,林 智之,E1-304(東1号館)
スポーツ実習Ｈ,共通,2023年度,水3,前期,片渕 美穂子,体育館(卓球場)
多様な視点からみる現代東南アジア,共通,2023年度,水3,第2クォーター,藤山 一郎,E1-101(東1号館)
日本国憲法,共通,2023年度,水4,前期,森口 佳樹,E1-101(東1号館)
英語Ⅲ,共通,2023年度,水4,前期,疋田 知美,E1-205(東1号館)
英語Ⅲ,共通,2023年度,水4,前期,梅田 礼子,E1-201(東1号館)
英語Ⅲ,共通,2023年度,水4,前期,藤永 真理子,E1-206(東1号館)
英語Ⅲ,共通,2023年度,水4,前期,松田 デイビッド,E1-305(東1号館)
英語Ⅲ,共通,2023年度,水4,前期,林 智之,E1-304(東1号館)
英語Ⅲ,共通,2023年度,水4,前期,Edmundo Gonzalez Jr.,E1-301(東1号館)
ビジネス・コミュニケーション,共通,2023年度,水4,前期,南方 里衣子,E1-210(東1号館)
異文化コミュニケーション共同演習A,共通,2023年度,水5,前期,藤山 一郎,E1-208(東1号館)
情報処理ⅠＡ,共通,2023年度,水5,第1クォーター,芦田 昌也,E1-101(東1号館)
情報処理ⅠＢ,共通,2023年度,水5,第2クォーター,芦田 昌也,E1-209(東1号館)
わかやま未来学,共通,2023年度,木1,第1クォーター,藤永 博,"E1-101(東1号館), E1-102(東1号館), E1-103(東1号館), E302教室(西2号館)"
アントレプレナーシップ基礎,共通,2023年度,木1,第2クォーター,田代 優秋,E1-101(東1号館)
Survey of Pre-Modern Japanese Poetry in Translation,共通,2023年度,木2,前期,"Collins, Kevin Keyes",E1-210(東1号館)
英語ⅠＣ,共通,2023年度,木2,前期,Edmundo Gonzalez Jr.,E1-301(東1号館)
フランス語入門,共通,2023年度,木2,前期,小林 裕史,E1-206(東1号館)
中国語入門,共通,2023年度,木2,前期,瀧野 邦雄,E1-303(東1号館)
中国語入門,共通,2023年度,木2,前期,鳥羽 加寿也,E1-205(東1号館)
ハングル入門,共通,2023年度,木2,前期,高木 麻里,E1-203(東1号館)
英語Ⅲ,共通,2023年度,木2,前期,梅田 礼子,E1-201(東1号館)
英語Ⅲ,共通,2023年度,木2,前期,今村 隆男,E1-208(東1号館)
英語Ⅲ,共通,2023年度,木2,前期,西山 淳子,E1-209(東1号館)
英語Ⅲ,共通,2023年度,木2,前期,烏野 ラナ,E1-306(東1号館)
宇宙開発論,共通,2023年度,木2,第1クォーター,秋山 演亮,E1-101(東1号館)
民俗芸能論,共通,2023年度,木3,前期,吉村 旭輝,E1-103(東1号館)
国際協力論,共通,2023年度,木3,前期,藤山 一郎,E1-101(東1号館)
外国語コミュニケーション２Ｄ,共通,2023年度,木3,前期,"Collins, Kevin Keyes",E1-210(東1号館)
外国語コミュニケーション２Ｅ,共通,2023年度,木3,前期,Edward A.Karagianis,E1-304(東1号館)
外国語コミュニケーション２Ｆ,共通,2023年度,木3,前期,Brown Daniel,E1-209(東1号館)
英語ⅠＣ,共通,2023年度,木3,前期,Edmundo Gonzalez Jr.,E1-301(東1号館)
ドイツ語入門,共通,2023年度,木3,前期,千田 まや,E1-206(東1号館)
中国語入門,共通,2023年度,木3,前期,瀧野 邦雄,E1-303(東1号館)
中国語入門,共通,2023年度,木3,前期,津田 美起子,E1-203(東1号館)
中国語入門,共通,2023年度,木3,前期,鳥羽 加寿也,E1-205(東1号館)
博物館教育論,共通,2023年度,木3,前期,橋本 唯子,E1-201(東1号館)
情報処理ⅠＡ,共通,2023年度,木3,第1クォーター,河崎 昌之,"E1-102(東1号館), E1-305(東1号館), E1-306(東1号館)"
情報処理ⅠＡ,共通,2023年度,木3,第1クォーター,最田 裕介,"E1-102(東1号館), E1-305(東1号館), E1-306(東1号館)"
情報処理ⅠＢ,共通,2023年度,木3,第2クォーター,河崎 昌之,E1-305(東1号館)
情報処理ⅠＢ,共通,2023年度,木3,第2クォーター,最田 裕介,E1-305(東1号館)
日本語日本文化研究Ａ,共通,2023年度,木4,前期,長友 文子,E1-208(東1号館)
外国語コミュニケーション２Ａ,共通,2023年度,木4,前期,Brown Daniel,E1-209(東1号館)
外国語コミュニケーション２Ｂ,共通,2023年度,木4,前期,Edward A.Karagianis,E1-304(東1号館)
外国語コミュニケーション２Ｃ,共通,2023年度,木4,前期,烏野 ラナ,E1-210(東1号館)
地域協働演習基礎,共通,2023年度,木5,第1クォーター,佐藤 祐介,"E1-206(東1号館), E1-208(東1号館), E1-209(東1号館)"
地域協働演習Ａ,共通,2023年度,木5,第2クォーター,佐藤 祐介,"E1-206(東1号館), E1-208(東1号館), E1-209(東1号館)"
データサイエンスへの誘いＡ,共通,2023年度,木6,第1クォーター,吉野 孝,"E1-101(東1号館), E1-102(東1号館), E1-103(東1号館)"
データサイエンスへの誘いＢ,共通,2023年度,木6,第2クォーター,吉野 孝,E1-208(東1号館)
英語ⅠＢ,共通,2023年度,金1,前期,Adrian Smith,E1-208(東1号館)
英語ⅠＢ,共通,2023年度,金1,前期,松田 デイビッド,E1-305(東1号館)
「教養の森」ゼミナールＡ,共通,2023年度,金1,第1クォーター,橋本 唯子,E1-206(東1号館)
「教養の森」ゼミナールＢ,共通,2023年度,金1,第2クォーター,橋本 唯子,E1-206(東1号館)
英語ⅠＢ,共通,2023年度,金2,前期,Adrian Smith,E1-208(東1号館)
英語ⅠＢ,共通,2023年度,金2,前期,松田 デイビッド,E1-305(東1号館)
英語Ⅰ,共通,2023年度,金2,前期,Edmundo Gonzalez Jr.,E1-301(東1号館)
英語Ⅰ,共通,2023年度,金2,前期,江利川 春雄,E1-306(東1号館)
英語Ⅰ,共通,2023年度,金2,前期,梅田 礼子,E1-201(東1号館)
英語Ⅰ,共通,2023年度,金2,前期,"Collins, Kevin Keyes",E1-210(東1号館)
スポーツ実習Ｄ１,共通,2023年度,金2,前期,中野 卓,陸上競技場
スポーツ実習Ｅ１,共通,2023年度,金2,前期,矢野 勝,体育館(武道場)
スポーツ実習Ｆ１,共通,2023年度,金2,前期,池谷 茂隆,テニスコート
世界の中の日本語,共通,2023年度,金2,前期,嶋本 圭子,E1-205(東1号館)
世界史とつながる日本史,共通,2023年度,金2,第1クォーター,海津 一朗,E1-101(東1号館)
情報処理ⅠＡ,共通,2023年度,金2,第1クォーター,井嶋 博,E1-102(東1号館)
情報処理ⅠＢ,共通,2023年度,金2,第2クォーター,井嶋 博,E1-102(東1号館)
国際開発論,共通,2023年度,金3,前期,藤山 一郎,E1-206(東1号館)
わかやまの先人たち,共通,2023年度,金3,前期,橋本 唯子,E1-101(東1号館)
英語ⅡＡ,共通,2023年度,金3,前期,松田 デイビッド,E1-305(東1号館)
英語Ａ３,共通,2023年度,金3,前期,高橋 信隆,E1-210(東1号館)
英語Ｃ３,共通,2023年度,金3,前期,江利川 春雄,E1-306(東1号館)
英語Ｄ３,共通,2023年度,金3,前期,澤邊 興平,E1-209(東1号館)
英語Ｅ３,共通,2023年度,金3,前期,高橋 章夫,E1-208(東1号館)
英語Ｆ３,共通,2023年度,金3,前期,松山 哲也,E1-304(東1号館)
英語Ｇ３,共通,2023年度,金3,前期,西山 淳子,E1-201(東1号館)
英語Ｈ３,共通,2023年度,金3,前期,Edmundo Gonzalez Jr.,E1-301(東1号館)
スポーツ実習Ａ１,共通,2023年度,金3,前期,中野 卓,陸上競技場
スポーツ実習Ｂ１,共通,2023年度,金3,前期,池田 拓人,多目的グラウンド
スポーツ実習Ｃ１,共通,2023年度,金3,前期,池谷 茂隆,テニスコート
スポーツ実習Ｚ１,共通,2023年度,金3,前期,片渕 美穂子,未定
情報処理ⅠＡ,共通,2023年度,金3,第1クォーター,井嶋 博,E1-102(東1号館)
情報処理ⅠＢ,共通,2023年度,金3,第2クォーター,井嶋 博,E1-102(東1号館)
わかやまを学ぶ,共通,2023年度,金4,前期,吉村 旭輝,E1-103(東1号館)
英語Ⅰ,共通,2023年度,金4,前期,高橋 信隆,E1-210(東1号館)
英語Ⅰ,共通,2023年度,金4,前期,澤邊 興平,E1-209(東1号館)
英語Ⅰ,共通,2023年度,金4,前期,江利川 春雄,E1-306(東1号館)
英語Ⅰ,共通,2023年度,金4,前期,梅田 礼子,E1-201(東1号館)
英語Ⅰ,共通,2023年度,金4,前期,高橋 章夫,E1-208(東1号館)
現代健康・スポーツ論Ｌ,共通,2023年度,金4,前期,片渕 美穂子,E1-101(東1号館)
データサイエンス基礎,共通,2023年度,金6,前期,三浦 浩一,E1-208(東1号館)
海外短期留学（ベトナム）,共通,2023年度,他,前期,竹澤 大史,未定
地域創業論,共通,2023年度,他,前期,有井 安仁,L102(東2号館)
海外体験演習（タイ）,共通,2023年度,他,前期,藤山 一郎,未定
南紀熊野の自然,共通,2023年度,他,前期,古賀 庸憲,記載なし
南紀熊野ジオパークの自然と風土,共通,2023年度,他,前期,此松 昌彦,記載なし
一人ひとりが輝く人生を生きる,共通,2023年度,他,前期,山﨑 由可里,記載なし
地域観光戦略論C,共通,2023年度,他,前期,藤田 和史,記載なし
地域経営資源論,共通,2023年度,他,前期,出口 竜也,記載なし
地域協働演習Adv.,共通,2023年度,他,通年,佐藤 祐介,未定
博物館経営論,共通,2023年度,他,通年,佐久間 大輔,A204(北1号館)
博物館情報・メディア論,共通,2023年度,他,通年,福島 幸宏,図書館マルチルーム1(西5号館)
博物館展示論,共通,2023年度,他,通年,橋本 唯子,図書館マルチルーム1(西5号館)
博物館実習Ⅱ,共通,2023年度,他,通年,橋本 唯子,未定
数理・データサイエンス・AI活用PBL,共通,2023年度,他,通年,吉野 孝,学術情報センター第2演習室(西5号館)
地域づくりの理論と実践D,共通,2023年度,他,通年,大浦 由美,記載なし
情報処理ⅠＡ,共通,2023年度,他,第1クォーター,村川 猛彦,記載なし
情報処理ⅠＢ,共通,2023年度,他,第2クォーター,村川 猛彦,記載なし
英語ⅡＡ,共通,2023年度,月1,後期,Adrian Smith,E1-304(東1号館)
英語ⅠＢ,共通,2023年度,月1,後期,遠藤 史,E1-210(東1号館)
英語ⅠＤ,共通,2023年度,月1,後期,"Collins, Kevin Keyes",E1-305(東1号館)
スポーツ実習Ｉ,共通,2023年度,月1,後期,藤永 博,体育館(アリーナ)
国際開発論,共通,2023年度,月2,後期,石原 伸一,E1-206(東1号館)
英語ⅡＡ,共通,2023年度,月2,後期,Adrian Smith,E1-304(東1号館)
英語ⅠＢ,共通,2023年度,月2,後期,遠藤 史,E1-210(東1号館)
英語ⅠＢ,共通,2023年度,月2,後期,滝口 智子,E1-208(東1号館)
英語ⅠＢ,共通,2023年度,月2,後期,中嶋 彩佳,E1-209(東1号館)
英語ⅠＢ,共通,2023年度,月2,後期,松田 佳奈,E1-201(東1号館)
英語ⅠＤ,共通,2023年度,月2,後期,松田 デイビッド,E1-305(東1号館)
スポーツ実習Ｋ,共通,2023年度,月2,後期,藤永 博,体育館(アリーナ)
英語ⅡＡ,共通,2023年度,月3,後期,Adrian Smith,E1-304(東1号館)
英語ⅠＢ,共通,2023年度,月3,後期,滝口 智子,E1-208(東1号館)
英語ⅠＢ,共通,2023年度,月3,後期,亀山 幸枝,E1-210(東1号館)
英語ⅠＢ,共通,2023年度,月3,後期,中嶋 彩佳,E1-209(東1号館)
英語ⅠＢ,共通,2023年度,月3,後期,松田 佳奈,E1-201(東1号館)
英語ⅠＤ,共通,2023年度,月3,後期,"Collins, Kevin Keyes",E1-305(東1号館)
研究倫理,共通,2023年度,月3,第3クォーター,似内 映之,E1-101(東1号館)
技術者倫理,共通,2023年度,月3,第4クォーター,似内 映之,E1-101(東1号館)
英語ⅡＡ,共通,2023年度,月4,後期,Adrian Smith,E1-304(東1号館)
英語ⅠＢ,共通,2023年度,月4,後期,亀山 幸枝,E1-210(東1号館)
国際理解とフィールドスタディⅠ,共通,2023年度,月5,後期,藤山 一郎,E1-208(東1号館)
英語ⅡＢ,共通,2023年度,火1,後期,遠藤 史,E1-210(東1号館)
国際化時代の文化と思想,共通,2023年度,火2,後期,内田 みどり,E1-205(東1号館)
英語ⅣＡ,共通,2023年度,火2,後期,松田 デイビッド,E1-201(東1号館)
論理的思考,共通,2023年度,火2,後期,坂間 千秋,E1-203(東1号館)
日本語初級Ｋ,共通,2023年度,火2,後期,中野 律,E1-209(東1号館)
日本語中級Ｋ,共通,2023年度,火2,後期,嶋本 圭子,E1-210(東1号館)
日本語上級Ｋ,共通,2023年度,火2,後期,長友 文子,E1-208(東1号館)
教育学総論,共通,2023年度,火3,後期,谷口 知美,E1-101(東1号館)
英語ⅣＡ,共通,2023年度,火3,後期,松田 デイビッド,E1-201(東1号館)
ドイツの歴史と文化,共通,2023年度,火3,後期,千田 まや,E1-205(東1号館)
日本語初級Ｌ,共通,2023年度,火3,後期,中野 律,E1-209(東1号館)
日本語中級Ｌ,共通,2023年度,火3,後期,嶋本 圭子,E1-210(東1号館)
日本語上級Ｌ,共通,2023年度,火3,後期,安本 博司,E1-208(東1号館)
南紀熊野の地域資源研究,共通,2023年度,火3,後期,西川 一弘,E1-103(東1号館)
日本語日本文化研究Ｋ,共通,2023年度,火4,後期,長友 文子,E1-208(東1号館)
ドイツ語初級,共通,2023年度,火4,後期,千田 まや,E1-205(東1号館)
フランス語初級,共通,2023年度,火4,後期,藤本 智成,E1-206(東1号館)
ハングル初級,共通,2023年度,火4,後期,高木 麻里,E1-203(東1号館)
論理的な文章の書き方,共通,2023年度,火4,第3クォーター,藤永 博,E1-303(東1号館)
パラグラフ・ライティング,共通,2023年度,火4,第4クォーター,藤永 博,E1-303(東1号館)
食と農のこれからを考える,共通,2023年度,火5,後期,岸上 光克,E1-101(東1号館)
地域協働セミナー,共通,2023年度,水1,後期,佐藤 祐介,E1-101(東1号館)
記憶力と認知力,共通,2023年度,水2,後期,米澤 好史,記載なし
日本語初級Ｍ,共通,2023年度,水2,後期,嶋本 圭子,E1-210(東1号館)
日本語中級Ｍ,共通,2023年度,水2,後期,長友 文子,E1-208(東1号館)
日本語上級Ｍ,共通,2023年度,水2,後期,藤永 真理子,E1-206(東1号館)
スポーツ実習Ｎ,共通,2023年度,水2,後期,腹巻 宏一,体育館(武道場)
世界の情報通信研究を知る,共通,2023年度,火2,後期,西村 竜一,E1-101(東1号館)
日本語初級Ｎ,共通,2023年度,水3,後期,南方 里衣子,E1-210(東1号館)
日本語中級Ｎ,共通,2023年度,水3,後期,安本 博司,E1-208(東1号館)
日本語上級Ｎ,共通,2023年度,水3,後期,嶋本 圭子,E1-209(東1号館)
英語Ａ２,共通,2023年度,水3,後期,藤永 真理子,E1-206(東1号館)
英語Ｂ２,共通,2023年度,水3,後期,今村 隆男,E1-201(東1号館)
英語Ｃ２,共通,2023年度,水3,後期,松田 デイビッド,E1-305(東1号館)
英語Ｄ２,共通,2023年度,水3,後期,西山 淳子,E1-304(東1号館)
英語Ｅ２,共通,2023年度,水3,後期,疋田 知美,E1-205(東1号館)
英語Ｆ２,共通,2023年度,水3,後期,林 智之,E1-306(東1号館)
英語Ｇ２,共通,2023年度,水3,後期,Edmundo Gonzalez Jr.,E1-301(東1号館)
スポーツ実習Ｏ,共通,2023年度,水3,後期,藤永 博,体育館(アリーナ)
心理学総論,共通,2023年度,水4,後期,則定 百合子,E1-101(東1号館)
英語Ⅳ,共通,2023年度,水4,後期,林 智之,E1-306(東1号館)
英語Ⅳ,共通,2023年度,水4,後期,松田 デイビッド,E1-305(東1号館)
英語Ⅳ,共通,2023年度,水4,後期,疋田 知美,E1-205(東1号館)
英語Ⅳ,共通,2023年度,水4,後期,梅田 礼子,E1-201(東1号館)
英語Ⅳ,共通,2023年度,水4,後期,藤永 真理子,E1-206(東1号館)
英語Ⅳ,共通,2023年度,水4,後期,Edmundo Gonzalez Jr.,E1-301(東1号館)
日本学特論,共通,2023年度,水4,後期,長友 文子,E1-208(東1号館)
外国語として学ぶ日本語,共通,2023年度,水4,後期,嶋本 圭子,E1-209(東1号館)
異文化コミュニケーション共同演習B,共通,2023年度,水5,後期,藤山 一郎,E1-208(東1号館)
博物館資料論,共通,2023年度,木1,後期,橋本 唯子,E1-102(東1号館)
アントレプレナーシップ発展,共通,2023年度,木1,第3クォーター,田代 優秋,E1-101(東1号館)
アントレプレナーシップ実践,共通,2023年度,木1,第4クォーター,田代 優秋,E1-201(東1号館)
和歌山企業トップ経営論,共通,2023年度,木2,後期,田代 優秋,E1-101(東1号館)
ドイツ語中級Ｂ,共通,2023年度,木2,後期,千田 まや,E1-210(東1号館)
英語ⅣＡ,共通,2023年度,木2,後期,松田 デイビッド,E1-305(東1号館)
日本学概論,共通,2023年度,木2,後期,安本 博司,E1-102(東1号館)
英語ⅠＤ,共通,2023年度,木2,後期,Edmundo Gonzalez Jr.,E1-301(東1号館)
フランス語初級,共通,2023年度,木2,後期,小林 裕史,E1-206(東1号館)
中国語初級,共通,2023年度,木2,後期,瀧野 邦雄,E1-303(東1号館)
中国語初級,共通,2023年度,木2,後期,鳥羽 加寿也,E1-205(東1号館)
ハングル初級,共通,2023年度,木2,後期,高木 麻里,E1-203(東1号館)
英語Ⅳ,共通,2023年度,木2,後期,梅田 礼子,E1-201(東1号館)
英語Ⅳ,共通,2023年度,木2,後期,烏野 ラナ,E1-306(東1号館)
英語Ⅳ,共通,2023年度,木2,後期,江利川 春雄,E1-208(東1号館)
英語Ⅳ,共通,2023年度,木2,後期,Brown Daniel,E1-209(東1号館)
わかやま沿岸域の環境問題を考える,共通,2023年度,木2,第3クォーター,藤永 博,E1-103(東1号館)
健康とスポーツの心理学的基礎,共通,2023年度,木2,第4クォーター,藤永 博,E1-103(東1号館)
Survey of Pre-Modern Japanese Prose in Translation,共通,2023年度,木3,後期,"Collins, Kevin Keyes",E1-210(東1号館)
英語ⅣＡ,共通,2023年度,木3,後期,松田 デイビッド,E1-305(東1号館)
外国語コミュニケーション１Ａ,共通,2023年度,木3,後期,Edward A.Karagianis,E1-304(東1号館)
外国語コミュニケーション１Ｂ,共通,2023年度,木3,後期,烏野 ラナ,E1-306(東1号館)
外国語コミュニケーション１Ｃ,共通,2023年度,木3,後期,Brown Daniel,E1-209(東1号館)
英語ⅠＣ,共通,2023年度,木3,後期,滝口 智子,E1-208(東1号館)
英語ⅠＤ,共通,2023年度,木3,後期,Edmundo Gonzalez Jr.,E1-301(東1号館)
英語Ｂ,共通,2023年度,木3,後期,梅田 礼子,E1-201(東1号館)
ドイツ語初級,共通,2023年度,木3,後期,千田 まや,E1-206(東1号館)
中国語初級,共通,2023年度,木3,後期,瀧野 邦雄,E1-303(東1号館)
中国語初級,共通,2023年度,木3,後期,津田 美起子,E1-203(東1号館)
中国語初級,共通,2023年度,木3,後期,鳥羽 加寿也,E1-205(東1号館)
博物館実習Ⅰ,共通,2023年度,木3木4,後期,橋本 唯子,図書館マルチルーム1(西5号館)
災害ボランティア学,共通,2023年度,木3,第3クォーター,南出 考,E1-103(東1号館)
ASEANと日本,共通,2023年度,木4,後期,藤山 一郎,E1-101(東1号館)
外国語コミュニケーション１Ｄ,共通,2023年度,木4,後期,Brown Daniel,E1-209(東1号館)
外国語コミュニケーション１Ｅ,共通,2023年度,木4,後期,"Collins, Kevin Keyes",E1-210(東1号館)
外国語コミュニケーション１Ｆ,共通,2023年度,木4,後期,Edward A.Karagianis,E1-304(東1号館)
英語ⅠＤ,共通,2023年度,木4,後期,滝口 智子,E1-208(東1号館)
ドイツ語入門,共通,2023年度,木4,後期,千田 まや,E1-206(東1号館)
情報処理ⅡＡ,共通,2023年度,木4,第3クォーター,村川 猛彦,記載なし
情報処理ⅡＡ,共通,2023年度,木4,第3クォーター,田内 裕人,記載なし
事前復興まちづくり学,共通,2023年度,木4,第3クォーター,平田 隆行,E1-103(東1号館)
情報処理ⅡＢ,共通,2023年度,木4,第4クォーター,村川 猛彦,記載なし
情報処理ⅡＢ,共通,2023年度,木4,第4クォーター,田内 裕人,記載なし
地域協働演習Ｂ,共通,2023年度,木5,第3クォーター,佐藤 祐介,"E1-206(東1号館), E1-208(東1号館), E1-209(東1号館)"
地域協働演習Ｃ,共通,2023年度,木5,第4クォーター,佐藤 祐介,"E1-206(東1号館), E1-208(東1号館), E1-209(東1号館)"
データサイエンス入門Ａ,共通,2023年度,木6,第3クォーター,吉野 孝,記載なし
データサイエンス入門Ｂ,共通,2023年度,木6,第4クォーター,吉野 孝,記載なし
英語ⅡＢ,共通,2023年度,金1,後期,Adrian Smith,E1-304(東1号館)
英語ⅡＢ,共通,2023年度,金1,後期,松田 デイビッド,E1-305(東1号館)
英語Ｄ４,共通,2023年度,金1,後期,澤邊 興平,E1-209(東1号館)
英語Ｂ４,共通,2023年度,金1,後期,Edmundo Gonzalez Jr.,E1-301(東1号館)
英語Ｃ４,共通,2023年度,金1,後期,江利川 春雄,E1-306(東1号館)
英語Ｅ４,共通,2023年度,金1,後期,高橋 章夫,E1-208(東1号館)
英語Ｆ４,共通,2023年度,金1,後期,高橋 信隆,E1-210(東1号館)
英語Ｇ４,共通,2023年度,金1,後期,松山 哲也,E1-205(東1号館)
英語Ｈ４,共通,2023年度,金1,後期,梅田 礼子,E1-201(東1号館)
材料科学と技術展開,共通,2023年度,金1,第3クォーター,秋元 郁子,E1-101(東1号館)
情報処理ⅡＡ,共通,2023年度,金1,第3クォーター,芦田 昌也,記載なし
「教養の森」ゼミナールＣ,共通,2023年度,金1,第3クォーター,橋本 唯子,E1-206(東1号館)
情報処理ⅡＢ,共通,2023年度,金1,第4クォーター,芦田 昌也,記載なし
「教養の森」ゼミナールＤ,共通,2023年度,金1,第4クォーター,橋本 唯子,E1-206(東1号館)
学生生活の危機管理,共通,2023年度,金2,後期,吉田 登,E1-101(東1号館)
英語の歴史,共通,2023年度,金2,後期,遠藤 史,E1-103(東1号館)
英語ⅡＢ,共通,2023年度,金2,後期,Adrian Smith,E1-304(東1号館)
英語ⅡＢ,共通,2023年度,金2,後期,松田 デイビッド,E1-305(東1号館)
日本学演習,共通,2023年度,金2,後期,安本 博司,E1-205(東1号館)
英語Ⅱ,共通,2023年度,金2,後期,澤邊 興平,E1-209(東1号館)
英語Ⅱ,共通,2023年度,金2,後期,梅田 礼子,E1-201(東1号館)
英語Ⅱ,共通,2023年度,金2,後期,Edmundo Gonzalez Jr.,E1-301(東1号館)
英語Ⅱ,共通,2023年度,金2,後期,高橋 章夫,E1-208(東1号館)
英語Ⅱ,共通,2023年度,金2,後期,高橋 信隆,E1-210(東1号館)
英語Ⅱ,共通,2023年度,金2,後期,江利川 春雄,E1-306(東1号館)
スポーツ実習Ｂ２,共通,2023年度,金2,後期,村瀬 浩二,体育館(アリーナ)
スポーツ実習Ｄ２,共通,2023年度,金2,後期,腹巻 宏一,体育館(武道場)
スポーツ実習Ｆ２,共通,2023年度,金2,後期,池谷 茂隆,テニスコート
スポーツ実習Ｚ２,共通,2023年度,金2,後期,池田 拓人,未定
災害時の交通を考える,共通,2023年度,金2,第3クォーター,西川 一弘,E1-102(東1号館)
障がい学生支援概論,共通,2023年度,金3,後期,森 麻友子,E1-209(東1号館)
日本事情（日本の社会と文化）,共通,2023年度,金3,後期,安本 博司,E1-208(東1号館)
スポーツ実習Ａ２,共通,2023年度,金3,後期,腹巻 宏一,体育館(武道場)
スポーツ実習Ｃ２,共通,2023年度,金3,後期,池谷 茂隆,テニスコート
スポーツ実習Ｅ２,共通,2023年度,金3,後期,片渕 美穂子,体育館(卓球場)
グローバル・エネルギー・トレンド,共通,2023年度,金3,第3クォーター,藤井 淳,E1-101(東1号館)
自然災害と防災・減災,共通,2023年度,金4,後期,此松 昌彦,E1-101(東1号館)
英語Ⅱ,共通,2023年度,金4,後期,高橋 章夫,E1-208(東1号館)
英語Ⅱ,共通,2023年度,金4,後期,江利川 春雄,E1-306(東1号館)
英語Ⅱ,共通,2023年度,金4,後期,松山 哲也,E1-201(東1号館)
英語Ⅱ,共通,2023年度,金4,後期,澤邊 興平,E1-209(東1号館)
ビジネス日本語,共通,2023年度,金4,後期,南方 里衣子,E1-210(東1号館)
国際協力実践演習Ⅰ,共通,2023年度,金5,後期,藤山 一郎,E1-208(東1号館)
データサイエンス応用,共通,2023年度,金6,後期,西村 竜一,記載なし
消費者市民と社会,共通,2023年度,他,後期,岡崎 裕,未定
博物館資料保存論,共通,2023年度,他,後期,吉村 旭輝,未定
博物館実習Ⅰ,共通,2023年度,他,後期,橋本 唯子,未定
「きのくに文学」名作案内,共通,2023年度,他,後期,天野 雅郎,記載なし
地域観光戦略論A,共通,2023年度,他,後期,藤田 和史,記載なし
郷土の食文化から考える食の危機,共通,2023年度,他,後期,岸上 光克,記載なし
SDGｓ・地球,共通,2023年度,他,後期,岡崎 裕,記載なし
大阪南部の地域防災,共通,2023年度,他,後期,此松 昌彦,記載なし
情報処理ⅡＡ,共通,2023年度,他,第3クォーター,葛岡 成晃,記載なし
情報処理ⅡＢ,共通,2023年度,他,第4クォーター,葛岡 成晃,記載なし
日本古典文学Ａ,教育学部,2023年度,月1,前期,長福 香菜,中408(東3号館)
理科実験実習（物理Ａ）,教育学部,2023年度,月1,前期,木曽田 賢治,L北101(東3号館)
書道,教育学部,2023年度,月2,前期,池田 理恵子,L南207(東3号館)
被服学,教育学部,2023年度,月2,前期,今村 律子,L北204(東3号館)
道徳教育論Ｂ,教育学部,2023年度,月2,前期,舩越 勝,L101(東2号館)
英会話Ａ,教育学部,2023年度,月2,前期,"Collins, Kevin Keyes",E1-201(東1号館)
生活調査法,教育学部,2023年度,月2,前期,本村 めぐみ,学術情報センター第4演習室(西5号館)
日本語の語彙・文法,教育学部,2023年度,月2,前期,澤村 美幸,L103(東2号館)
初等図画工作科教育法Ａ,教育学部,2023年度,月2,前期,丁子 かおる,L201(東2号館)
国語学概説Ａ,教育学部,2023年度,月3,前期,澤村 美幸,L202(東2号館)
世界史Ａ,教育学部,2023年度,月3,前期,三品 英憲,L203(東2号館)
化学実験Ａ,教育学部,2023年度,月3月4,前期,木村 憲喜,中308(東3号館)
日本家族史,教育学部,2023年度,月3,前期,海津 一朗,L101(東2号館)
衣生活健康論,教育学部,2023年度,月3,前期,今村 律子,L北204(東3号館)
中級和声学,教育学部,2023年度,月3,前期,森川 隆之,L104(東2号館)
微分積分Ⅰ,教育学部,2023年度,月3,前期,西山 尚志,L103(東2号館)
ＣＡＬＬ演習,教育学部,2023年度,月3,前期,江利川 春雄,学術情報センター第1演習室(西5号館)
教師になるための体育,教育学部,2023年度,月3,前期,村瀬 浩二,"陸上競技場, 体育館(アリーナ), プール"
物理学実験,教育学部,2023年度,月3月4,前期,顧 萍,中306(東3号館)
体育演習Ｄ１,教育学部,2023年度,月3,前期,村瀬 浩二,"陸上競技場, 体育館(アリーナ), プール"
初等図画工作科教育法Ｂ,教育学部,2023年度,月3,前期,丁子 かおる,L201(東2号館)
中等英語科教育法Ａ,教育学部,2023年度,月4,前期,江利川 春雄,L202(東2号館)
特別支援教育心理学Ⅱ,教育学部,2023年度,月4,前期,竹澤 大史,L201(東2号館)
生活,教育学部,2023年度,月4,前期,荒木 良一,L101(東2号館)
応用代数学,教育学部,2023年度,月4,前期,北山 秀隆,L104(東2号館)
小・中学校国語科教育課程比較論,教育学部,2023年度,月4,前期,丸山 範高,L102(東2号館)
住環境福祉論,教育学部,2023年度,月4,前期,村田 順子,L北204(東3号館)
初等英語科教育法,教育学部,2023年度,月4,前期,尾上 利美,E1-101(東1号館)
工芸演習,教育学部,2023年度,月4,前期,寺川 剛央,美107(東5号館)
地理学実習Ⅱ,教育学部,2023年度,月5,前期,山神 達也,L南405(東3号館)
音楽史概論,教育学部,2023年度,火1,前期,泉 健,L101(東2号館)
音素材の理論,教育学部,2023年度,火1,前期,森川 隆之,L103(東2号館)
鍵盤音楽演奏法入門,教育学部,2023年度,火1,前期,山名 仁,音101(東5号館)
線形代数Ⅰ,教育学部,2023年度,火1,前期,北山 秀隆,L203(東2号館)
特別支援教育医学Ⅱ,教育学部,2023年度,火1,前期,重里 敏子,L202(東2号館)
食物学実験実習,教育学部,2023年度,火1火2,前期,山本 奈美,L北206(東3号館)
スポーツバイオメカニクス,教育学部,2023年度,火1,前期,矢野 勝,L南306(東3号館)
教育学基礎演習Ⅰ,教育学部,2023年度,火1,前期,舩越 勝,L201(東2号館)
化学概論Ａ,教育学部,2023年度,火2,前期,山口 真範,L203(東2号館)
生物学概論Ａ,教育学部,2023年度,火2,前期,梶村 麻紀子,中408(東3号館)
住居学,教育学部,2023年度,火2,前期,村田 順子,L北204(東3号館)
平面素材研究,教育学部,2023年度,火2,前期,高木 栄一,美201(東5号館)
初等国語科教育法Ａ,教育学部,2023年度,火2,前期,丸山 範高,L101(東2号館)
中等美術科教育法Ａ,教育学部,2023年度,火2,前期,丁子 かおる,美術棟(東5号館)
歴史資料・文化遺産演習Ａ,教育学部,2023年度,火2,前期,海津 一朗,L103(東2号館)
確率・統計,教育学部,2023年度,火2,前期,西山 尚志,L105(東2号館)
鍵盤楽器伴奏法,教育学部,2023年度,火2,前期,山名 仁,音101(東5号館)
国文学史Ａ,教育学部,2023年度,火3,前期,長福 香菜,L201(東2号館)
地誌学,教育学部,2023年度,火3,前期,島津 俊之,L202(東2号館)
コンピュータ,教育学部,2023年度,火3,前期,北山 秀隆,学術情報センター第3演習室(西5号館)
初等体育科教育法,教育学部,2023年度,火3,前期,林 修,"E1-102(東1号館), 体育館(アリーナ)"
中等家庭科教育法Ａ,教育学部,2023年度,火3,前期,山本 奈美,L北206(東3号館)
英語プレゼンテーション,教育学部,2023年度,火3,前期,"Collins, Kevin Keyes",E1-306(東1号館)
声楽基礎歌唱法,教育学部,2023年度,火3,前期,太田 真紀,L101(東2号館)
デザイン制作,教育学部,2023年度,火3,前期,山崎 直秀,美201(東5号館)
哲学思想,教育学部,2023年度,火3,前期,小関 彩子,中408(東3号館)
生物学実験,教育学部,2023年度,火3火4,前期,古賀 庸憲,L北410(東3号館)
絵画技法基礎演習,教育学部,2023年度,火3,前期,高木 栄一,美202(東5号館)
環境変遷史,教育学部,2023年度,火3,前期,此松 昌彦,中406(東3号館)
社会,教育学部,2023年度,火4,前期,西端 幸信,"L101(東2号館), L102(東2号館), L103(東2号館)"
声楽概論,教育学部,2023年度,火4,前期,太田 真紀,音101(東5号館)
デザイン演習,教育学部,2023年度,火4,前期,山崎 直秀,美201(東5号館)
中等国語科教育法Ｃ,教育学部,2023年度,火4,前期,丸山 範高,L203(東2号館)
中等美術科教育法Ｃ,教育学部,2023年度,火4,前期,丁子 かおる,美術棟(東5号館)
絵画制作,教育学部,2023年度,火4,前期,高木 栄一,美206(東5号館)
教育学部基礎セミナー,教育学部,2023年度,火4,前期,カリキュラム委員会,E1-103(東1号館)
調理学実習,教育学部,2023年度,水1水2,前期,山本 奈美,L北206(東3号館)
図画工作Ａ,教育学部,2023年度,水1,前期,永沼 理善,"L103(東2号館), L105(東2号館)"
教育学概説Ａ,教育学部,2023年度,水1,前期,谷口 知美,L101(東2号館)
合奏法,教育学部,2023年度,水1,前期,小寺 香奈,音101(東5号館)
小学校社会科基礎論,教育学部,2023年度,水1,前期,三品 英憲,L203(東2号館)
中等教育の課程と方法,教育学部,2023年度,水1,前期,二宮 衆一,L南302(東3号館)
家族を考える,教育学部,2023年度,水1,前期,本村 めぐみ,L102(東2号館)
社会教育概説Ａ,教育学部,2023年度,水1,前期,村田 和子,L105(東2号館)
中等社会・公民科教育法Ａ,教育学部,2023年度,水1,前期,岡崎 裕,L202(東2号館)
彫刻演習,教育学部,2023年度,水2,前期,永沼 理善,美101(東5号館)
教育実践研究論,教育学部,2023年度,水2,前期,深澤 英雄,L201(東2号館)
中等音楽科教育法Ｃ,教育学部,2023年度,水2,前期,菅 道子,E1-306(東1号館)
中等数学科教育法Ｃ,教育学部,2023年度,水2,前期,松山 ともこ,L102(東2号館)
宗教思想,教育学部,2023年度,水2,前期,小関 彩子,L103(東2号館)
現代教職論Ｂ,教育学部,2023年度,水2,前期,土佐 いく子,L101(東2号館)
授業研究論,教育学部,2023年度,水2,前期,二宮 衆一,L105(東2号館)
吹奏楽指導法,教育学部,2023年度,水2,前期,小寺 香奈,音101(東5号館)
電気・電子一般（含む実習）,教育学部,2023年度,水2他,前期,井嶋 博,技203(東5号館)
中等教員のための英語,教育学部,2023年度,水2,前期,今村 隆男,L104(東2号館)
中等保健体育科教育法Ｄ,教育学部,2023年度,水2,前期,林 修,L203(東2号館)
中等英語科教育法Ｄ,教育学部,2023年度,水2,前期,尾上 利美,L202(東2号館)
特別活動・教科外活動論Ａ,教育学部,2023年度,水2,前期,深澤 英雄,L201(東2号館)
量子論入門,教育学部,2023年度,水3,前期,木曽田 賢治,L203(東2号館)
教育相談の心理学,教育学部,2023年度,水3,前期,則定 百合子,記載なし
特別支援教育心理学Ⅰ,教育学部,2023年度,水3,前期,野田 満由美,L101(東2号館)
住まいの計画,教育学部,2023年度,水3,前期,村田 順子,L北204(東3号館)
栽培学および実習Ａ,教育学部,2023年度,水3水4,前期,荒木 良一,附属農場
民族と国家,教育学部,2023年度,水3,前期,内田 みどり,L105(東2号館)
中等数学科教育法Ｄ,教育学部,2023年度,水3,前期,松山 ともこ,L102(東2号館)
教育相談の理論と方法,教育学部,2023年度,水3,前期,則定 百合子,記載なし
英米文化論,教育学部,2023年度,水3,前期,今村 隆男,L104(東2号館)
英文法,教育学部,2023年度,水4,前期,松山 哲也,L103(東2号館)
人間理解の方法（検査法・面接法）,教育学部,2023年度,水4,前期,則定 百合子,L北505(東3号館)
国語学概説Ｃ,教育学部,2023年度,水4,前期,澤村 美幸,L102(東2号館)
国際政治学,教育学部,2023年度,水4,前期,内田 みどり,L202(東2号館)
立体素材研究,教育学部,2023年度,水4,前期,永沼 理善,美101(東5号館)
初等家庭科教育法Ａ,教育学部,2023年度,水4,前期,山本 奈美,L101(東2号館)
英米文学表現論,教育学部,2023年度,水4,前期,今村 隆男,L203(東2号館)
国文学概説Ａ,教育学部,2023年度,木1,前期,佐藤 和正,L202(東2号館)
地理学概説,教育学部,2023年度,木1,前期,山神 達也,L103(東2号館)
中等保健体育科教育法Ａ,教育学部,2023年度,木1,前期,林 修,L102(東2号館)
多次元の数学,教育学部,2023年度,木1,前期,川上 智博,L201(東2号館)
情報技術実習,教育学部,2023年度,木1木2,前期,此松 昌彦,技106(東5号館)
植物分子育種学,教育学部,2023年度,木1,前期,荒木 良一,L105(東2号館)
異文化理解,教育学部,2023年度,木1,前期,西山 淳子,L104(東2号館)
中等家庭科教育法Ｄ,教育学部,2023年度,木1,前期,山本 奈美,L北204(東3号館)
図画工作科基礎論,教育学部,2023年度,木1,前期,永沼 理善,美101(東5号館)
社会地理学,教育学部,2023年度,木2,前期,島津 俊之,L202(東2号館)
地学概論Ｂ,教育学部,2023年度,木2,前期,富田 晃彦,L102(東2号館)
英語学概論,教育学部,2023年度,木2,前期,松山 哲也,L103(東2号館)
国際組織の役割と機能,教育学部,2023年度,木2,前期,内田 みどり,L104(東2号館)
中等保健体育科教育法Ｃ,教育学部,2023年度,木2,前期,林 修,L203(東2号館)
空間の幾何構造Ａ,教育学部,2023年度,木2,前期,川上 智博,L201(東2号館)
管楽器演奏法Ⅰ,教育学部,2023年度,木2,前期,小寺 香奈,"L101(東2号館), 音101(東5号館)"
初等教育内容論（家庭）,教育学部,2023年度,木2,前期,村田 順子,"L北204(東3号館), L北206(東3号館)"
ヨーロッパ史研究,教育学部,2023年度,木2,前期,三品 英憲,L南405(東3号館)
特別な教育的ニーズの理解と支援,教育学部,2023年度,木2,前期,古井 克憲,E1-102(東1号館)
生涯学習支援論Ａ,教育学部,2023年度,木2,前期,西川 一弘,L105(東2号館)
生活福祉論,教育学部,2023年度,木3,前期,村田 順子,L北204(東3号館)
社会学,教育学部,2023年度,木3,前期,渡辺 翔平,L201(東2号館)
指揮法,教育学部,2023年度,木3,前期,山名 仁,音101(東5号館)
物理学概論Ａ,教育学部,2023年度,木3,前期,顧 萍,L203(東2号館)
中高生の生活指導,教育学部,2023年度,木3,前期,谷口 知美,L202(東2号館)
特別支援教育上級演習Ａ１,教育学部,2023年度,木3,前期,竹澤 大史,実101(東4号館)
特別支援教育上級演習Ｄ１,教育学部,2023年度,木3,前期,山﨑 由可里,東4号館
特別支援教育上級演習Ｅ１,教育学部,2023年度,木3,前期,古井 克憲,実202(東4号館)
彫刻制作,教育学部,2023年度,木3,前期,永沼 理善,美101(東5号館)
幼児教育実践演習Ⅰ,教育学部,2023年度,木3,前期,丁子 かおる,美術棟(東5号館)
社会調査論,教育学部,2023年度,木4,前期,渡辺 翔平,中408(東3号館)
学校保健,教育学部,2023年度,金1,前期,入駒 一美,L203(東2号館)
音楽,教育学部,2023年度,金1,前期,山名 仁,"L101(東2号館), 音101(東5号館), 音118(東5号館)"
小学校授業づくり実践論,教育学部,2023年度,金1,前期,舩越 勝,L103(東2号館)
シティズンシップ教育論,教育学部,2023年度,金1,前期,越野 章史,L南302(東3号館)
体育演習Ａ１,教育学部,2023年度,金1,前期,片渕 美穂子,体育館(アリーナ)
心理学研究法,教育学部,2023年度,金2,前期,米澤 好史,記載なし
中等数学科教育法Ａ,教育学部,2023年度,金2,前期,田窪 佳寿子,L102(東2号館)
漢文学概説,教育学部,2023年度,金2,前期,矢羽野 芳枝,L105(東2号館)
初等英語音声学,教育学部,2023年度,金2,前期,西山 淳子,L104(東2号館)
ロマン派及び近代の鍵盤音楽演奏法,教育学部,2023年度,金2,前期,山名 仁,音101(東5号館)
総合的な学習の時間の指導法,教育学部,2023年度,金2,前期,谷尻 治,"L103(東2号館), L201(東2号館), L202(東2号館)"
生活と家族,教育学部,2023年度,金2,前期,山本 奈美,L北204(東3号館)
発達と教育の心理学,教育学部,2023年度,金3,前期,米澤 好史,記載なし
中等国語科教育法Ａ,教育学部,2023年度,金4,前期,丸山 範高,L102(東2号館)
中等理科教育法Ａ,教育学部,2023年度,金4,前期,顧 萍,L104(東2号館)
中等音楽科教育法Ａ,教育学部,2023年度,金4,前期,上野 智子,音101(東5号館)
保育内容（環境）,教育学部,2023年度,金4,前期,西原 和哉,美術棟(東5号館)
中等社会・地理歴史科教育法Ａ,教育学部,2023年度,金4,前期,鈴木 達也,L202(東2号館)
障害児指導法ⅠＡ,教育学部,2023年度,土3土4,前期,山﨑 由可里,記載なし
障害児指導法ⅠＢ,教育学部,2023年度,土3土4,前期,古井 克憲,記載なし
日本言語文化演習Ａ,教育学部,2023年度,他,前期,長福 香菜,記載なし
日本言語文化演習Ｃ,教育学部,2023年度,他,前期,澤村 美幸,記載なし
日本言語文化演習Ｇ,教育学部,2023年度,他,前期,丸山 範高,記載なし
地理学演習Ａ,教育学部,2023年度,他,前期,山神 達也,記載なし
哲学演習Ａ,教育学部,2023年度,他,前期,小関 彩子,記載なし
中等技術科教育法Ａ,教育学部,2023年度,他,前期,嶋本 光芳,記載なし
音楽教育学ゼミナールＡ,教育学部,2023年度,他,前期,菅 道子,記載なし
音楽教育学研究Ａ,教育学部,2023年度,他,前期,上野 智子,記載なし
国際関係論演習Ａ,教育学部,2023年度,他,前期,内田 みどり,記載なし
鍵盤音楽研究ゼミナールＡ,教育学部,2023年度,他,前期,山名 仁,記載なし
アンサンブル研究Ａ,教育学部,2023年度,他,前期,小寺 香奈,記載なし
世界史演習Ａ,教育学部,2023年度,他,前期,三品 英憲,未定
視覚障害児の教育,教育学部,2023年度,他,前期,山本 利和,記載なし
聴覚障害児の教育,教育学部,2023年度,他,前期,井坂 行男,記載なし
臨海実習,教育学部,2023年度,他,前期,古賀 庸憲,記載なし
英米言語文化演習Ｂ１,教育学部,2023年度,他,前期,今村 隆男,記載なし
英語学演習Ａ１,教育学部,2023年度,他,前期,松山 哲也,記載なし
英語科教育演習Ｂ１,教育学部,2023年度,他,前期,尾上 利美,記載なし
英語学演習Ｂ１,教育学部,2023年度,他,前期,西山 淳子,記載なし
家庭科教育ゼミナールＡ１,教育学部,2023年度,他,前期,山本 奈美,記載なし
家庭科教育ゼミナールＢ１,教育学部,2023年度,他,前期,村田 順子,記載なし
課題演習（初等教育１）,教育学部,2023年度,他,前期,丁子 かおる,記載なし
心理学演習（初等）Ｂ１,教育学部,2023年度,他,前期,米澤 好史,記載なし
心理学演習（初等）Ｃ１,教育学部,2023年度,他,前期,則定 百合子,記載なし
心理学演習（中等）Ｂ１,教育学部,2023年度,他,前期,米澤 好史,記載なし
心理学演習（中等）Ｃ１,教育学部,2023年度,他,前期,則定 百合子,記載なし
日本史演習Ａ,教育学部,2023年度,他,前期,海津 一朗,記載なし
小学校音楽教育学研究,教育学部,2023年度,他,前期,上野 智子,記載なし
小学校音楽教育ゼミナール,教育学部,2023年度,他,前期,菅 道子,記載なし
小学校アンサンブル研究,教育学部,2023年度,他,前期,小寺 香奈,記載なし
小学校器楽教育および伴奏ゼミナール,教育学部,2023年度,他,前期,山名 仁,記載なし
数学教育ゼミナールＡ１,教育学部,2023年度,他,前期,川上 智博,記載なし
数学教育ゼミナールＡ３,教育学部,2023年度,他,前期,川上 智博,記載なし
数学教育ゼミナールＢ１,教育学部,2023年度,他,前期,北山 秀隆,記載なし
数学教育ゼミナールＢ３,教育学部,2023年度,他,前期,北山 秀隆,記載なし
数学教育ゼミナールＣ１,教育学部,2023年度,他,前期,田川 裕之,記載なし
数学教育ゼミナールＣ３,教育学部,2023年度,他,前期,田川 裕之,記載なし
数学教育ゼミナールＤ１,教育学部,2023年度,他,前期,西山 尚志,記載なし
数学教育ゼミナールＤ３,教育学部,2023年度,他,前期,西山 尚志,記載なし
図画工作・美術科教材研究Ａ,教育学部,2023年度,他,前期,湯川 雅紀,記載なし
体育演習Ａ２,教育学部,2023年度,他,前期,片渕 美穂子,記載なし
保健体育ゼミナールＡ,教育学部,2023年度,他,前期,村瀬 浩二,記載なし
保健体育ゼミナールＣ,教育学部,2023年度,他,前期,村瀬 浩二,記載なし
初等整数論,教育学部,2023年度,他,前期,岡崎 武生,記載なし
美術鑑賞演習,教育学部,2023年度,他,通年,青木 加苗,記載なし
スポーツマネジメント,教育学部,2023年度,他,通年,横山 誠,記載なし
運動生理学,教育学部,2023年度,他,通年,本山 司,記載なし
材料利用実習,教育学部,2023年度,他,通年,池際 博行,記載なし
無機合成実験,教育学部,2023年度,他,通年,木村 憲喜,記載なし
有機化学実験,教育学部,2023年度,他,通年,山口 真範,記載なし
天文学演習,教育学部,2023年度,他,通年,富田 晃彦,記載なし
理科教育ゼミナール（地学）,教育学部,2023年度,他,通年,此松 昌彦,記載なし
古環境学演習,教育学部,2023年度,他,通年,此松 昌彦,記載なし
教育学演習Ｃ,教育学部,2023年度,他,通年,谷口 知美,記載なし
教育学演習Ｄ,教育学部,2023年度,他,通年,二宮 衆一,記載なし
教育学演習Ｅ,教育学部,2023年度,他,通年,舩越 勝,記載なし
教育実習事前・事後指導,教育学部,2023年度,他,通年,教育実習委員会,記載なし
理科教育ゼミナール（物理Ｂ）,教育学部,2023年度,他,通年,顧 萍,記載なし
理科教育ゼミナール（物理Ｃ）,教育学部,2023年度,他,通年,木曽田 賢治,記載なし
理科実験実習（化学）,教育学部,2023年度,他,通年,木村 憲喜,記載なし
芸術演習Ⅰ,教育学部,2023年度,他,通年,永沼 理善,記載なし
芸術演習Ⅱ,教育学部,2023年度,他,通年,永沼 理善,記載なし
健康管理学,教育学部,2023年度,他,通年,本山 司,記載なし
社会体験実習Ａ,教育学部,2023年度,他,通年,教務委員会,記載なし
社会体験実習Ｂ,教育学部,2023年度,他,通年,教務委員会,記載なし
社会体験実習Ｃ,教育学部,2023年度,他,通年,教務委員会,記載なし
社会体験実習Ｄ,教育学部,2023年度,他,通年,教務委員会,記載なし
中等美術科教育法Ｂ,教育学部,2023年度,他,通年,佐藤 賢司,記載なし
中等技術科教育法Ｃ,教育学部,2023年度,他,通年,荒木 良一,記載なし
教育学演習Ａ,教育学部,2023年度,他,通年,越野 章史,記載なし
和歌山の自然,教育学部,2023年度,他,通年,古賀 庸憲,記載なし
教育実習Ａ（小学校）,教育学部,2023年度,他,通年,教育実習委員会,記載なし
教育実習Ａ（中学校）,教育学部,2023年度,他,通年,教育実習委員会,記載なし
教育実習Ｂ（小学校）,教育学部,2023年度,他,通年,教育実習委員会,記載なし
教育実習Ｂ（中学校）,教育学部,2023年度,他,通年,教育実習委員会,記載なし
教育実習Ｂ（高等学校）,教育学部,2023年度,他,通年,教育実習委員会,記載なし
インターンシップＡ,教育学部,2023年度,他,通年,教務委員会,記載なし
インターンシップＢ,教育学部,2023年度,他,通年,教務委員会,記載なし
教育実習Ｈ（へき地・小学校）,教育学部,2023年度,他,通年,教育実習委員会,記載なし
教育臨床実地研究,教育学部,2023年度,他,通年,舩越 勝,記載なし
社会教育実習,教育学部,2023年度,他,通年,村田 和子,記載なし
教育実習入門Ⅱ,教育学部,2023年度,他,通年,教育実習委員会,記載なし
障害児教育の進歩,教育学部,2023年度,他,通年,山﨑 由可里,記載なし
障害児指導法ⅡＡ,教育学部,2023年度,他,通年,江田 裕介,記載なし
特別支援教育実践研究,教育学部,2023年度,他,通年,山﨑 由可里,記載なし
特別支援教育実習,教育学部,2023年度,他,通年,教育実習委員会,記載なし
幼稚園教育課程総論,教育学部,2023年度,他,通年,吉葉 研司,記載なし
保育内容（人間関係）,教育学部,2023年度,他,通年,田中 文昭,記載なし
教育実習（幼稚園）,教育学部,2023年度,他,通年,教育実習委員会,記載なし
保育学概論,教育学部,2023年度,他,通年,細谷 里香,記載なし
美術史概論,教育学部,2023年度,他,通年,青木 加苗,記載なし
応用実習（小学校）,教育学部,2023年度,他,通年,教育実習委員会,記載なし
応用実習（中学校）,教育学部,2023年度,他,通年,教育実習委員会,記載なし
応用実習（高等学校）,教育学部,2023年度,他,通年,教育実習委員会,記載なし
子どもの食と栄養（幼児・児童）,教育学部,2023年度,他,通年,伴 亜紀,記載なし
子ども家庭福祉（幼児・児童）,教育学部,2023年度,他,通年,岩本 華子,記載なし
教師のためのキャリアデザイン,教育学部,2023年度,他,通年,カリキュラム委員会,記載なし
特別支援教育コーディネイター実践研究,教育学部,2023年度,他,通年,山﨑 由可里,記載なし
理科教育ゼミナール,教育学部,2023年度,他,通年,此松 昌彦,記載なし
理科教育ゼミナール（生物Ａ）,教育学部,2023年度,他,通年,梶村 麻紀子,記載なし
理科教育ゼミナール（生物Ｂ）,教育学部,2023年度,他,通年,古賀 庸憲,記載なし
理科教育ゼミナール（生物Ｃ）,教育学部,2023年度,他,通年,荒木 良一,記載なし
科学教育ゼミナール（応用科学）,教育学部,2023年度,他,通年,井嶋 博,記載なし
教育実習Ｈ（へき地・中学校）,教育学部,2023年度,他,通年,教育実習委員会,記載なし
地理学地域調査実習,教育学部,2023年度,他,通年,山神 達也,記載なし
地理学巡検実習,教育学部,2023年度,他,通年,島津 俊之,記載なし
中等美術科教育法Ｄ,教育学部,2023年度,他,通年,大橋 功,記載なし
中等技術科教育法Ｄ,教育学部,2023年度,他,通年,井嶋 博,記載なし
教育実地研究Ⅰ,教育学部,2023年度,他,通年,教育実習委員会,記載なし
教育実地研究Ⅱ,教育学部,2023年度,他,通年,教育実習委員会,記載なし
社会教育演習Ａ,教育学部,2023年度,他,通年,村田 和子,記載なし
社会教育演習Ｂ,教育学部,2023年度,他,通年,村田 和子,記載なし
社会教育特講Ⅰ,教育学部,2023年度,他,通年,村田 和子,記載なし
社会教育特講Ⅱ,教育学部,2023年度,他,通年,村田 和子,記載なし
理科教育ゼミナール（化学）,教育学部,2023年度,他,通年,木村 憲喜,記載なし
教育ボランティア,教育学部,2023年度,他,通年,教務委員会,記載なし
児童発達支援特別演習Ⅰ,教育学部,2023年度,他,通年,山﨑 由可里,記載なし
児童発達支援特別演習Ⅳ,教育学部,2023年度,他,通年,山﨑 由可里,記載なし
児童発達支援特別演習Ⅴ,教育学部,2023年度,他,通年,山﨑 由可里,記載なし
地域文化事業論,教育学部,2023年度,他,通年,藤田 美佳,記載なし
教育実習事前・事後指導（初等）,教育学部,2023年度,他,通年,教育実習委員会,記載なし
教育実習事前・事後指導（中等）,教育学部,2023年度,他,通年,教育実習委員会,記載なし
野外活動基礎演習,教育学部,2023年度,他,通年,池田 拓人,記載なし
文化財調査・保存実習,教育学部,2023年度,他,通年,海津 一朗,記載なし
日本古典文学Ｂ,教育学部,2023年度,月1,後期,長福 香菜,記載なし
理科実験実習（物理Ｂ）,教育学部,2023年度,月1,後期,木曽田 賢治,未定
家族関係学,教育学部,2023年度,月2,後期,村田 順子,記載なし
英米文学概説,教育学部,2023年度,月2,後期,今村 隆男,未定
数理世界の代数構造,教育学部,2023年度,月2,後期,北山 秀隆,未定
トレーニング論,教育学部,2023年度,月2,後期,矢野 勝,記載なし
英会話Ｂ,教育学部,2023年度,月2,後期,"Collins, Kevin Keyes",未定
初級対位法,教育学部,2023年度,月2,後期,森川 隆之,記載なし
生物学概論Ｂ,教育学部,2023年度,月2,後期,古賀 庸憲,記載なし
日本語の文体・文章,教育学部,2023年度,月2,後期,澤村 美幸,未定
保育内容総論,教育学部,2023年度,月2,後期,丁子 かおる,未定
理科教材分析,教育学部,2023年度,月2,後期,顧 萍,記載なし
社会科公民分野学習内容構成論,教育学部,2023年度,月2,後期,内田 みどり,未定
英語文学Ｂ,教育学部,2023年度,月2,後期,今村 隆男,記載なし
社会科を教えたい人のための初歩講座,教育学部,2023年度,月2,後期,三品 英憲,記載なし
国語学概説Ｂ,教育学部,2023年度,月3,後期,澤村 美幸,未定
世界史Ｂ,教育学部,2023年度,月3,後期,三品 英憲,未定
化学実験Ｂ,教育学部,2023年度,月3月4,後期,木村 憲喜,未定
微分積分Ⅱ,教育学部,2023年度,月3,後期,西山 尚志,未定
図画工作科演習（立体表現）,教育学部,2023年度,月3,後期,永沼 理善,未定
生活指導・学級づくり実践論,教育学部,2023年度,月3,後期,舩越 勝,未定
住居設計製図,教育学部,2023年度,月4,後期,村田 順子,未定
特別支援教育臨床学Ⅰ,教育学部,2023年度,月4,後期,北岡 大輔,記載なし
保育内容（造形表現）,教育学部,2023年度,月4,後期,丁子 かおる,記載なし
初等生活科教育法,教育学部,2023年度,月4,後期,西端 幸信,未定
解析学の世界,教育学部,2023年度,月4,後期,西山 尚志,未定
体育演習Ｂ１,教育学部,2023年度,月4,後期,矢野 勝,未定
中等国語科教育法Ｄ,教育学部,2023年度,月4,後期,丸山 範高,未定
中等理科教育法Ｄ,教育学部,2023年度,月4,後期,此松 昌彦,未定
地理学実習Ⅰ,教育学部,2023年度,月5,後期,山神 達也,未定
自然地理学,教育学部,2023年度,火1,後期,島津 俊之,未定
バロック及び古典派の鍵盤音楽演奏法,教育学部,2023年度,火1,後期,山名 仁,未定
線形代数Ⅱ,教育学部,2023年度,火1,後期,北山 秀隆,未定
特別支援教育医学Ⅰ,教育学部,2023年度,火1,後期,重里 敏子,記載なし
物理学概論Ｂ,教育学部,2023年度,火1,後期,木曽田 賢治,未定
食物学,教育学部,2023年度,火1,後期,加藤 みゆき,未定
体育哲学入門,教育学部,2023年度,火1,後期,片渕 美穂子,未定
絵画演習,教育学部,2023年度,火2,後期,高木 栄一,未定
デザイン素材演習,教育学部,2023年度,火2,後期,寺川 剛央,未定
体育,教育学部,2023年度,火2,後期,林 修,記載なし
器楽概論,教育学部,2023年度,火2,後期,山名 仁,未定
初等国語科教育法Ｂ,教育学部,2023年度,火2,後期,丸山 範高,未定
中等理科教育法Ｂ,教育学部,2023年度,火2,後期,山口 真範,未定
体育学入門,教育学部,2023年度,火2,後期,池田 拓人,未定
住生活論,教育学部,2023年度,火2,後期,村田 順子,未定
数学基礎演習,教育学部,2023年度,火2,後期,田川 裕之,未定
日本史概説,教育学部,2023年度,火2,後期,海津 一朗,未定
リコーダー・アンサンブル,教育学部,2023年度,火2,後期,小寺 香奈,未定
国文学史Ｃ,教育学部,2023年度,火2,後期,長福 香菜,記載なし
子どもと表現,教育学部,2023年度,火2,第3クォーター,丁子 かおる,記載なし
国文学史Ｂ,教育学部,2023年度,火3,後期,長福 香菜,記載なし
絵画素材演習,教育学部,2023年度,火3,後期,高木 栄一,未定
被服構成学実習,教育学部,2023年度,火3火4,後期,今村 律子,未定
体育,教育学部,2023年度,火3,後期,林 修,記載なし
教育の現状と課題,教育学部,2023年度,火3,後期,本村 めぐみ,記載なし
室内楽研究,教育学部,2023年度,火3,後期,小寺 香奈,未定
群論の基礎,教育学部,2023年度,火3,後期,田川 裕之,未定
現代社会論Ｂ,教育学部,2023年度,火3,後期,笠井 敬太,記載なし
デザイン技法基礎演習,教育学部,2023年度,火3,後期,山崎 直秀,未定
初等社会科教育法,教育学部,2023年度,火4,後期,西端 幸信,記載なし
道徳教育論Ａ,教育学部,2023年度,火4,後期,越野 章史,未定
芸術教育基礎論,教育学部,2023年度,火4,後期,丁子 かおる,未定
中等国語科教育法Ｂ,教育学部,2023年度,火4,後期,丸山 範高,未定
合唱基礎演奏法,教育学部,2023年度,火4,後期,太田 真紀,未定
整数の世界,教育学部,2023年度,火4,後期,田川 裕之,未定
素描,教育学部,2023年度,火4,後期,高木 栄一,未定
国文学概説Ｃ,教育学部,2023年度,火4,後期,佐藤 和正,記載なし
現代社会論Ａ,教育学部,2023年度,火4,後期,笠井 敬太,記載なし
日本歌曲演奏法,教育学部,2023年度,火5,後期,太田 真紀,未定
理科,教育学部,2023年度,火6,後期,古賀 庸憲,記載なし
国語,教育学部,2023年度,火6,後期,長福 香菜,記載なし
教育学概説Ｂ,教育学部,2023年度,水1,後期,越野 章史,未定
幾何学入門,教育学部,2023年度,水1,後期,川上 智博,未定
日英言語文化研究,教育学部,2023年度,水1,後期,松山 哲也,未定
中等社会・公民科教育法Ｂ,教育学部,2023年度,水1,後期,岡崎 裕,記載なし
彫刻素材演習,教育学部,2023年度,水2,後期,永沼 理善,未定
初等理科教育法,教育学部,2023年度,水2,後期,此松 昌彦,記載なし
中等英語科教育法Ｂ,教育学部,2023年度,水2,後期,尾上 利美,未定
保育内容（音楽・身体総合表現）,教育学部,2023年度,水2,後期,上野 智子,記載なし
教育法学,教育学部,2023年度,水2,後期,越野 章史,記載なし
現代教職論Ａ,教育学部,2023年度,水2,後期,深澤 英雄,記載なし
初等教育研究論,教育学部,2023年度,水2,後期,二宮 衆一,未定
英語,教育学部,2023年度,水2,後期,今村 隆男,未定
工芸技法研究,教育学部,2023年度,水2,後期,寺川 剛央,記載なし
教師のための生命倫理Ｂ,教育学部,2023年度,水2,後期,小関 彩子,記載なし
特別活動・教科外活動論Ｂ,教育学部,2023年度,水2,後期,舩越 勝,未定
地学実験,教育学部,2023年度,水3水4,後期,此松 昌彦,未定
教育臨床心理学研究,教育学部,2023年度,水3,後期,則定 百合子,未定
中等家庭科教育法Ｂ,教育学部,2023年度,水3,後期,山本 奈美,未定
工芸制作,教育学部,2023年度,水3,後期,寺川 剛央,未定
算数授業教材研究,教育学部,2023年度,水3,後期,川上 智博,未定
栽培学および実習Ｂ,教育学部,2023年度,水3水4,後期,荒木 良一,未定
こどもの理解と支援,教育学部,2023年度,水3,後期,米澤 好史,記載なし
生徒指導・進路指導におけるこどもの理解と支援の方法,教育学部,2023年度,水3,後期,米澤 好史,記載なし
宗教学概説,教育学部,2023年度,水4,後期,小関 彩子,未定
工芸素材演習,教育学部,2023年度,水4,後期,寺川 剛央,未定
家庭,教育学部,2023年度,水4,後期,山本 奈美,記載なし
特別支援教育臨床学Ⅱ,教育学部,2023年度,水4,後期,古井 克憲,記載なし
教育学基礎演習Ⅱ,教育学部,2023年度,水4,後期,舩越 勝,記載なし
管楽器演奏法Ⅱ,教育学部,2023年度,水4,後期,小寺 香奈,未定
近現代のアジア史,教育学部,2023年度,水4,後期,三品 英憲,未定
郷土学習の理論と歴史,教育学部,2023年度,水4,後期,島津 俊之,未定
英米文学史,教育学部,2023年度,水4,後期,今村 隆男,未定
体育演習Ｃ１,教育学部,2023年度,水4,後期,村瀬 浩二,未定
幼児の理解と支援（教育相談を含む。）,教育学部,2023年度,水4,後期,米澤 好史,記載なし
彫刻技法基礎演習,教育学部,2023年度,水4,後期,永沼 理善,未定
英語文学Ａ,教育学部,2023年度,水4,後期,今村 隆男,記載なし
学校教育と情報テクノロジー,教育学部,2023年度,水4,第3クォーター,井嶋 博,記載なし
SDGs論 －いのちと暮らし－,教育学部,2023年度,水4,第4クォーター,岡崎 裕,記載なし
社会教育概説Ｂ,教育学部,2023年度,水5,後期,村田 和子,未定
国文学概説Ｂ,教育学部,2023年度,木1,後期,長福 香菜,記載なし
近現代の世界史,教育学部,2023年度,木1,後期,三品 英憲,未定
初等音楽科教育法,教育学部,2023年度,木1,後期,菅 道子,記載なし
応用解析学,教育学部,2023年度,木1,後期,川上 智博,未定
科学教育指導論,教育学部,2023年度,木1,後期,荒木 良一,記載なし
住環境学演習,教育学部,2023年度,木1,後期,村田 順子,未定
SOGIEを考える,教育学部,2023年度,木1,後期,本村 めぐみ,記載なし
英語表現,教育学部,2023年度,木1,後期,西山 淳子,未定
教育行政学,教育学部,2023年度,木1,後期,西田 喜一,記載なし
心理学入門ゼミナール,教育学部,2023年度,木1,後期,米澤 好史,記載なし
英語史概説,教育学部,2023年度,木2,後期,"Collins, Kevin Keyes",未定
人間科学の動向,教育学部,2023年度,木2,後期,米澤 好史,記載なし
保全生物学,教育学部,2023年度,木2,後期,古賀 庸憲,未定
中等理科教育法Ｃ,教育学部,2023年度,木2,後期,梶村 麻紀子,未定
中等家庭科教育法Ｃ,教育学部,2023年度,木2,後期,山本 奈美,未定
距離と位相,教育学部,2023年度,木2,後期,川上 智博,未定
体育史,教育学部,2023年度,木2,後期,池田 拓人,記載なし
特別支援教育総論,教育学部,2023年度,木2,後期,山﨑 由可里,記載なし
幼児教育の方法と技術,教育学部,2023年度,木2,後期,丁子 かおる,未定
保育内容（健康）,教育学部,2023年度,木2,後期,古井 克憲,記載なし
途上国の政治と環境問題,教育学部,2023年度,木2,後期,内田 みどり,記載なし
倫理学概説,教育学部,2023年度,木2,後期,小関 彩子,未定
地域人口論,教育学部,2023年度,木2,後期,山神 達也,未定
社会教育計画論Ａ,教育学部,2023年度,木2,後期,西川 一弘,記載なし
芸術表現論,教育学部,2023年度,木2,後期,泉 健,記載なし
教育行政学,教育学部,2023年度,木2,後期,西田 喜一,記載なし
中等英語科教育法Ｃ,教育学部,2023年度,木3,後期,江利川 春雄,未定
思考心理学研究,教育学部,2023年度,木3,後期,米澤 好史,記載なし
科学教育内容学,教育学部,2023年度,木3,後期,顧 萍,未定
鍵盤楽器による中学校音楽科器楽教材開発基礎論,教育学部,2023年度,木3,後期,山名 仁,未定
英語表現演習,教育学部,2023年度,木3,後期,西山 淳子,未定
特別支援教育上級演習Ａ２,教育学部,2023年度,木3,後期,竹澤 大史,未定
特別支援教育上級演習Ｄ２,教育学部,2023年度,木3,後期,山﨑 由可里,未定
特別支援教育上級演習Ｅ２,教育学部,2023年度,木3,後期,古井 克憲,未定
教職実践演習（幼・小・中・高）,教育学部,2023年度,木4木5,後期,教職実践演習運営委員,未定
小中英語教育研究,教育学部,2023年度,木4,後期,江利川 春雄,未定
日本民俗学,教育学部,2023年度,木4,後期,吉村 旭輝,未定
ICT活用の理論と実践,教育学部,2023年度,木5,後期,豊田 充崇,記載なし
地学概論Ａ,教育学部,2023年度,金1,後期,此松 昌彦,未定
化学物質の合成と分解,教育学部,2023年度,金1,後期,山口 真範,記載なし
教育方法学,教育学部,2023年度,金1,後期,谷口 知美,未定
教育課程・方法の理論と実践,教育学部,2023年度,金1,後期,谷口 知美,未定
政治学,教育学部,2023年度,金2,後期,内田 みどり,未定
都市形成論,教育学部,2023年度,金2,後期,山神 達也,未定
化学概論Ｂ,教育学部,2023年度,金2,後期,木村 憲喜,未定
環境生理学,教育学部,2023年度,金2,後期,梶村 麻紀子,未定
アジア史研究,教育学部,2023年度,金2,後期,三品 英憲,未定
ソルフェージュ基礎論,教育学部,2023年度,金2,後期,上野 智子,未定
中国の古典,教育学部,2023年度,金2,後期,矢羽野 芳枝,記載なし
算数,教育学部,2023年度,金2,後期,山本 紀代,未定
社会科地理歴史分野学習内容構成論,教育学部,2023年度,金3,後期,海津 一朗,未定
初等算数科教育法,教育学部,2023年度,金3,後期,山本 紀代,未定
中等音楽科教育法Ｄ,教育学部,2023年度,金3,後期,上野 智子,未定
初等家庭科教育法Ｂ,教育学部,2023年度,金3,後期,山本 奈美,記載なし
運動学入門,教育学部,2023年度,金4,後期,矢野 勝,記載なし
中等数学科教育法Ｂ,教育学部,2023年度,金4,後期,西口 正純,未定
中等音楽科教育法Ｂ,教育学部,2023年度,金4,後期,菅 道子,未定
中等保健体育科教育法Ｂ,教育学部,2023年度,金4,後期,村瀬 浩二,未定
保育内容（言葉）,教育学部,2023年度,金4,後期,西原 和哉,未定
中等社会・地理歴史科教育法Ｂ,教育学部,2023年度,金4,後期,鈴木 達也,記載なし
子どもと環境,教育学部,2023年度,金5,第3クォーター,梶村 麻紀子,記載なし
子どもと人間関係,教育学部,2023年度,金5,第4クォーター,西原 和哉,記載なし
日本言語文化演習Ｂ,教育学部,2023年度,他,後期,長福 香菜,記載なし
日本言語文化演習Ｄ,教育学部,2023年度,他,後期,澤村 美幸,記載なし
日本言語文化演習Ｈ,教育学部,2023年度,他,後期,丸山 範高,記載なし
世界史研究入門Ａ,教育学部,2023年度,他,後期,三品 英憲,記載なし
地理学演習Ｂ,教育学部,2023年度,他,後期,山神 達也,記載なし
哲学演習Ｂ,教育学部,2023年度,他,後期,小関 彩子,記載なし
野外実習スキー,教育学部,2023年度,他,後期,池田 拓人,記載なし
中等技術科教育法Ｂ,教育学部,2023年度,他,後期,嶋本 光芳,記載なし
音楽教育学ゼミナールＢ,教育学部,2023年度,他,後期,菅 道子,記載なし
音楽教育学研究Ｂ,教育学部,2023年度,他,後期,上野 智子,記載なし
国際関係論演習Ｂ,教育学部,2023年度,他,後期,内田 みどり,記載なし
鍵盤音楽研究ゼミナールＢ,教育学部,2023年度,他,後期,山名 仁,記載なし
アンサンブル研究Ｂ,教育学部,2023年度,他,後期,小寺 香奈,記載なし
学校臨床のフィールドワーク,教育学部,2023年度,他,後期,越野 章史,記載なし
世界史演習Ｂ,教育学部,2023年度,他,後期,三品 英憲,記載なし
英米言語文化演習Ｂ２,教育学部,2023年度,他,後期,今村 隆男,記載なし
英語学演習Ａ２,教育学部,2023年度,他,後期,松山 哲也,記載なし
英語科教育演習Ｂ２,教育学部,2023年度,他,後期,尾上 利美,記載なし
英語学演習Ｂ２,教育学部,2023年度,他,後期,西山 淳子,記載なし
家庭科教育ゼミナールＡ２,教育学部,2023年度,他,後期,山本 奈美,記載なし
家庭科教育ゼミナールＢ２,教育学部,2023年度,他,後期,村田 順子,記載なし
課題演習（初等教育２）,教育学部,2023年度,他,後期,丁子 かおる,記載なし
心理学演習（初等）Ｂ２,教育学部,2023年度,他,後期,米澤 好史,記載なし
心理学演習（初等）Ｃ２,教育学部,2023年度,他,後期,則定 百合子,記載なし
心理学演習（中等）Ｂ２,教育学部,2023年度,他,後期,米澤 好史,記載なし
心理学演習（中等）Ｃ２,教育学部,2023年度,他,後期,則定 百合子,記載なし
日本史演習Ｂ,教育学部,2023年度,他,後期,海津 一朗,記載なし
数学教育ゼミナールＡ２,教育学部,2023年度,他,後期,川上 智博,記載なし
数学教育ゼミナールＡ４,教育学部,2023年度,他,後期,川上 智博,記載なし
数学教育ゼミナールＢ２,教育学部,2023年度,他,後期,北山 秀隆,記載なし
数学教育ゼミナールＢ４,教育学部,2023年度,他,後期,北山 秀隆,記載なし
数学教育ゼミナールＣ２,教育学部,2023年度,他,後期,田川 裕之,記載なし
数学教育ゼミナールＣ４,教育学部,2023年度,他,後期,田川 裕之,記載なし
数学教育ゼミナールＤ２,教育学部,2023年度,他,後期,西山 尚志,記載なし
数学教育ゼミナールＤ４,教育学部,2023年度,他,後期,西山 尚志,記載なし
図画工作・美術科教材研究Ｂ,教育学部,2023年度,他,後期,湯川 雅紀,記載なし
体育演習Ｂ２,教育学部,2023年度,他,後期,矢野 勝,記載なし
体育演習Ｃ２,教育学部,2023年度,他,後期,村瀬 浩二,記載なし
保健体育ゼミナールＢ,教育学部,2023年度,他,後期,村瀬 浩二,記載なし
保健体育ゼミナールＤ,教育学部,2023年度,他,後期,村瀬 浩二,記載なし
銀行論Ⅰ,経済学部,2023年度,月1,前期,片桐 謙,E103教室(西2号館)
経済思想史A,経済学部,2023年度,月1,第1クォーター,阿部 秀二郎,E101教室(西2号館)
経済思想史B,経済学部,2023年度,月1,第2クォーター,阿部 秀二郎,E101教室(西2号館)
ミクロ経済学Ⅱ,経済学部,2023年度,月2,前期,田村 正興,E301教室(西2号館)
専門演習,経済学部,2023年度,月2,通年,阿部 秀二郎,E105教室(西2号館)
専門演習,経済学部,2023年度,月2,通年,片桐 謙,E203教室(西2号館)
専門演習,経済学部,2023年度,月2,通年,Nabil Maghrebi,E202教室(西2号館)
財政政策総論Ⅰ,経済学部,2023年度,月2,第2クォーター,齊藤 仁,E101教室(西2号館)
国際金融史Ⅰ,経済学部,2023年度,月3,前期,今田 秀作,E301教室(西2号館)
マーケティング論,経済学部,2023年度,月3,前期,柳 到亨,E101教室(西2号館)
卒業研究,経済学部,2023年度,月3,通年,阿部 秀二郎,第一講義室(西1号館)
卒業研究,経済学部,2023年度,月3,通年,金澤 孝彰,E202教室(西2号館)
専門演習,経済学部,2023年度,月3,通年,藤原 靖也,E208教室(西2号館)
International Financial MarketsA,経済学部,2023年度,月3,第1クォーター,Nabil Maghrebi,E102教室(西2号館)
情報システムデザインⅠ,経済学部,2023年度,月3,第1クォーター,芦田 昌也,E105教室(西2号館)
会社法各論〔機関等〕A,経済学部,2023年度,月3,第1クォーター,清弘 正子,E302教室(西2号館)
International Financial MarketsB,経済学部,2023年度,月3,第2クォーター,Nabil Maghrebi,E102教室(西2号館)
会社法各論〔機関等〕B,経済学部,2023年度,月3,第2クォーター,清弘 正子,E302教室(西2号館)
Japanese Finance and Economy,経済学部,2023年度,月4,前期,Nabil Maghrebi,E102教室(西2号館)
国家基盤づくりに係る土地・家屋の調査,経済学部,2023年度,月4,前期,土地家屋調査士会,E201教室(西2号館)
専門演習,経済学部,2023年度,月4,通年,金澤 孝彰,E202教室(西2号館)
交通システム論A,経済学部,2023年度,月4,第1クォーター,辻本 勝久,E302教室(西2号館)
経営数学A,経済学部,2023年度,月4,第1クォーター,芦田 昌也,E301教室(西2号館)
法律学概論A,経済学部,2023年度,月4,第1クォーター,金川 めぐみ,E101教室(西2号館)
交通システム論B,経済学部,2023年度,月4,第2クォーター,辻本 勝久,E302教室(西2号館)
法律学概論B,経済学部,2023年度,月4,第2クォーター,金川 めぐみ,E101教室(西2号館)
基礎演習Ⅰ,経済学部,2023年度,月5,第1クォーター,清弘 正子,E102教室(西2号館)
基礎演習Ⅰ,経済学部,2023年度,月5,第1クォーター,齊藤 仁,E103教室(西2号館)
基礎演習Ⅰ,経済学部,2023年度,月5,第1クォーター,藤原 靖也,E301教室(西2号館)
基礎演習Ⅰ,経済学部,2023年度,月5,第1クォーター,山田 恵一,E302教室(西2号館)
外国書講読〔中〕A,経済学部,2023年度,月5,第1クォーター,金澤 孝彰,E105教室(西2号館)
外国書講読〔中〕B,経済学部,2023年度,月5,第2クォーター,金澤 孝彰,E105教室(西2号館)
卒業研究,経済学部,2023年度,火1,通年,森口 佳樹,E207教室(西2号館)
専門演習,経済学部,2023年度,火1,通年,辻本 勝久,E104教室(西2号館)
開発経済学A,経済学部,2023年度,火1,第1クォーター,金澤 孝彰,E103教室(西2号館)
食料経済A（需給動向）,経済学部,2023年度,火1,第1クォーター,岸上 光克,E101教室(西2号館)
工業簿記Ⅲ,経済学部,2023年度,火1,第1クォーター,岡橋 充明,E105教室(西2号館)
開発経済学B,経済学部,2023年度,火1,第2クォーター,金澤 孝彰,E103教室(西2号館)
食料経済B（流通実態）,経済学部,2023年度,火1,第2クォーター,岸上 光克,E101教室(西2号館)
工業簿記Ⅰ,経済学部,2023年度,火1,第2クォーター,岡橋 充明,E302教室(西2号館)
財政学,経済学部,2023年度,火2,前期,齊藤 仁,E301教室(西2号館)
卒業研究,経済学部,2023年度,火2,通年,岩田 英朗,E208教室(西2号館)
卒業研究,経済学部,2023年度,火2,通年,岡橋 充明,E209教室(西2号館)
卒業研究,経済学部,2023年度,火2,通年,岸上 光克,E204教室(西2号館)
卒業研究,経済学部,2023年度,火2,通年,辻本 勝久,E205教室(西2号館)
卒業研究,経済学部,2023年度,火2,通年,Nabil Maghrebi,E203教室(西2号館)
専門演習,経済学部,2023年度,火2,通年,芦田 昌也,E105教室(西2号館)
専門演習,経済学部,2023年度,火2,通年,岡部 美砂,E202教室(西2号館)
専門演習,経済学部,2023年度,火2,通年,藤田 和史,第二講義室(西1号館)
専門演習,経済学部,2023年度,火2,通年,柳 到亨,第一講義室(西1号館)
日本的経営論A,経済学部,2023年度,火2,第1クォーター,高見 直樹,E101教室(西2号館)
管理会計論A,経済学部,2023年度,火2,第1クォーター,藤原 靖也,E302教室(西2号館)
日本的経営論B,経済学部,2023年度,火2,第2クォーター,高見 直樹,E101教室(西2号館)
管理会計論B,経済学部,2023年度,火2,第2クォーター,藤原 靖也,E302教室(西2号館)
社会経済学入門,経済学部,2023年度,火3,前期,大澤 健,記載なし
卒業研究,経済学部,2023年度,火3,通年,齊藤 仁,第二講義室(西1号館)
卒業研究,経済学部,2023年度,火3,通年,柳 到亨,第一講義室(西1号館)
専門演習,経済学部,2023年度,火3,通年,岸上 光克,E204教室(西2号館)
専門演習,経済学部,2023年度,火3,通年,高見 直樹,E202教室(西2号館)
専門演習,経済学部,2023年度,火3,通年,藤木 剛康,E203教室(西2号館)
国際貿易論A,経済学部,2023年度,火3,第1クォーター,岡部 美砂,E101教室(西2号館)
コーポレートファイナンスA（資金調達）,経済学部,2023年度,火3,第1クォーター,竹内 哲治,E301教室(西2号館)
エネルギー経済学B,経済学部,2023年度,火3,第1クォーター,藤井 淳,E302教室(西2号館)
人権各論B,経済学部,2023年度,火3,第1クォーター,森口 佳樹,E103教室(西2号館)
国際貿易論B,経済学部,2023年度,火3,第2クォーター,岡部 美砂,E101教室(西2号館)
コーポレートファイナンスB（配当・M＆A）,経済学部,2023年度,火3,第2クォーター,竹内 哲治,E301教室(西2号館)
現代商社論,経済学部,2023年度,火3,第2クォーター,藤井 淳,E302教室(西2号館)
情報マネジメントⅠ,経済学部,2023年度,火3,第2クォーター,岩田 英朗,E201教室(西2号館)
人権各論C,経済学部,2023年度,火3,第2クォーター,森口 佳樹,E103教室(西2号館)
商業簿記Ⅲ,経済学部,2023年度,火4,前期,土田 俊也,E101教室(西2号館)
プログラミング,経済学部,2023年度,火4,前期,岩田 英朗,E301教室(西2号館)
卒業研究,経済学部,2023年度,火4,通年,高見 直樹,E105教室(西2号館)
卒業研究,経済学部,2023年度,火4,通年,藤原 靖也,E208教室(西2号館)
専門演習,経済学部,2023年度,火4,通年,齊藤 仁,E201教室(西2号館)
専門演習,経済学部,2023年度,火4,通年,竹内 哲治,E203教室(西2号館)
専門演習,経済学部,2023年度,火4,通年,牧野 真也,E205教室(西2号館)
民法〔債権総論〕A,経済学部,2023年度,火4,第1クォーター,和田 美智代,E302教室(西2号館)
民法〔債権総論〕B,経済学部,2023年度,火4,第2クォーター,和田 美智代,E302教室(西2号館)
卒業研究,経済学部,2023年度,火5,通年,牧野 真也,E205教室(西2号館)
基礎演習Ⅰ,経済学部,2023年度,火5,第1クォーター,高見 直樹,E102教室(西2号館)
基礎演習Ⅰ,経済学部,2023年度,火5,第1クォーター,辻本 勝久,E103教室(西2号館)
基礎演習Ⅰ,経済学部,2023年度,火5,第1クォーター,柳 到亨,E104教室(西2号館)
民法〔物権〕A,経済学部,2023年度,火5,第1クォーター,和田 美智代,E302教室(西2号館)
民法〔物権〕B,経済学部,2023年度,火5,第2クォーター,和田 美智代,E302教室(西2号館)
卒業研究,経済学部,2023年度,水1,通年,齊藤 久美子,E104教室(西2号館)
専門演習,経済学部,2023年度,水1,通年,足立 基浩,第一講義室(西1号館)
専門演習,経済学部,2023年度,水1,通年,片山 直子,E203教室(西2号館)
会社法総論,経済学部,2023年度,水1,第1クォーター,清弘 正子,E101教室(西2号館)
会社法各論〔株式等〕A,経済学部,2023年度,水1,第2クォーター,清弘 正子,E302教室(西2号館)
Project Management,経済学部,2023年度,水2,前期,クパニ ルンビディ,E301教室(西2号館)
卒業研究,経済学部,2023年度,水2,通年,足立 基浩,第一講義室(西1号館)
卒業研究,経済学部,2023年度,水2,通年,岡部 美砂,E212教室(西2号館)
卒業研究,経済学部,2023年度,水2,通年,團野 正浩,E204教室(西2号館)
卒業研究,経済学部,2023年度,水2,通年,長廣 利崇,E201教室(西2号館)
専門演習,経済学部,2023年度,水2,通年,岩田 英朗,E208教室(西2号館)
専門演習,経済学部,2023年度,水2,通年,清弘 正子,E206教室(西2号館)
地域環境論A,経済学部,2023年度,水2,第1クォーター,藤田 和史,E101教室(西2号館)
法人税法A,経済学部,2023年度,水2,第1クォーター,片山 直子,E302教室(西2号館)
会計学原理Ⅰ,経済学部,2023年度,水2,第2クォーター,齊藤 久美子,E103教室(西2号館)
法人税法B,経済学部,2023年度,水2,第2クォーター,片山 直子,E302教室(西2号館)
卒業研究,経済学部,2023年度,水3,通年,金川 めぐみ,E210教室(西2号館)
公益事業論A,経済学部,2023年度,水3,第1クォーター,上野 美咲,E101教室(西2号館)
イノベーションマネジメントA,経済学部,2023年度,水3,第1クォーター,高岡 伸行,E201教室(西2号館)
データベース,経済学部,2023年度,水3,第1クォーター,岩田 英朗,E301教室(西2号館)
租税法概論A,経済学部,2023年度,水3,第1クォーター,團野 正浩,E302教室(西2号館)
消費税法A,経済学部,2023年度,水3,第1クォーター,片山 直子,E103教室(西2号館)
租税法実務,経済学部,2023年度,水3水4,第2クォーター,近畿税理士会,E201教室(西2号館)
イノベーションマネジメントB,経済学部,2023年度,水3,第2クォーター,高岡 伸行,E302教室(西2号館)
租税法概論B,経済学部,2023年度,水3,第2クォーター,片山 直子,E101教室(西2号館)
経済数学,経済学部,2023年度,水4,前期,田村 正興,E101教室(西2号館)
政策科学（地域）,経済学部,2023年度,水4,前期,藤田 和史,記載なし
卒業研究,経済学部,2023年度,水4,通年,清弘 正子,第一講義室(西1号館)
卒業研究,経済学部,2023年度,水4,通年,竹内 哲治,E202教室(西2号館)
専門演習,経済学部,2023年度,水4,通年,金川 めぐみ,E210教室(西2号館)
経営管理論A,経済学部,2023年度,水4,第1クォーター,高岡 伸行,E301教室(西2号館)
会計学A,経済学部,2023年度,水4,第1クォーター,齊藤 久美子,E302教室(西2号館)
ECユニット演習ⅠA,経済学部,2023年度,水4,第1クォーター,岡田 真理子,記載なし
経営管理論B,経済学部,2023年度,水4,第2クォーター,高岡 伸行,E301教室(西2号館)
会計学B,経済学部,2023年度,水4,第2クォーター,齊藤 久美子,E302教室(西2号館)
ECユニット演習ⅠB,経済学部,2023年度,水4,第2クォーター,岡田 真理子,記載なし
基礎演習Ⅰ,経済学部,2023年度,水5,第1クォーター,足立 基浩,E102教室(西2号館)
基礎演習Ⅰ,経済学部,2023年度,火5,第1クォーター,上野 美咲,E201教室(西2号館)
基礎演習Ⅰ,経済学部,2023年度,水5,第1クォーター,片山 直子,E104教室(西2号館)
基礎演習Ⅰ,経済学部,2023年度,水5,第1クォーター,金川 めぐみ,E103教室(西2号館)
基礎演習Ⅰ,経済学部,2023年度,水5,第1クォーター,長廣 利崇,E105教室(西2号館)
経済学入門A,経済学部,2023年度,水6,第1クォーター,岡部 美砂,記載なし
経済学入門B,経済学部,2023年度,水6,第2クォーター,岡部 美砂,記載なし
卒業研究,経済学部,2023年度,木1,通年,片山 直子,担当教員研究室
社会保険法A,経済学部,2023年度,木1,第1クォーター,呉 紅敏,E301教室(西2号館)
公益事業論B,経済学部,2023年度,木1,第2クォーター,上野 美咲,E301教室(西2号館)
経営史,経済学部,2023年度,木1,第2クォーター,長廣 利崇,E101教室(西2号館)
社会保険法B,経済学部,2023年度,木1,第2クォーター,呉 紅敏,E201教室(西2号館)
労働法A,経済学部,2023年度,木1,第2クォーター,金川 めぐみ,E302教室(西2号館)
卒業研究,経済学部,2023年度,木2,通年,岡田 真理子,E209教室(西2号館)
卒業研究,経済学部,2023年度,木2,通年,藤田 和史,第二講義室(西1号館)
専門演習,経済学部,2023年度,木2,通年,齊藤 久美子,E211教室(西2号館)
専門演習,経済学部,2023年度,木2,通年,團野 正浩,E204教室(西2号館)
専門演習,経済学部,2023年度,木2,通年,長廣 利崇,E102教室(西2号館)
中心市街地活性化論A,経済学部,2023年度,木2,第1クォーター,足立 基浩,E101教室(西2号館)
企業倫理論A,経済学部,2023年度,木2,第1クォーター,高見 直樹,E301教室(西2号館)
人的資源管理論Ｂ,経済学部,2023年度,木2,第1クォーター,厨子 直之,E201教室(西2号館)
中心市街地活性化論B,経済学部,2023年度,木2,第2クォーター,足立 基浩,E101教室(西2号館)
企業倫理論B,経済学部,2023年度,木2,第2クォーター,高見 直樹,E301教室(西2号館)
監査論Ⅰ,経済学部,2023年度,木2,第2クォーター,藤原 靖也,E103教室(西2号館)
マクロ経済学Ⅰ,経済学部,2023年度,木3,前期,佐藤 健治,E302教室(西2号館)
労働者福祉事業とセーフティネット,経済学部,2023年度,木3,前期,県労働者福祉協議会,E301教室(西2号館)
自然エネルギー戦略,経済学部,2023年度,木3木4,第1クォーター,和田 武,E201教室(西2号館)
グローバル・マネジメント,経済学部,2023年度,木4,前期,林 侑輝,E101教室(西2号館)
アグリビジネス論B,経済学部,2023年度,木4,第2クォーター,岸上 光克,E302教室(西2号館)
アグリビジネス論A,経済学部,2023年度,木5,第1クォーター,藤田 和史,E302教室(西2号館)
コミュニティ交通論,経済学部,2023年度,金1,前期,西川 一弘,E301教室(西2号館)
卒業研究,経済学部,2023年度,金1,通年,山田 恵一,第一講義室(西1号館)
社会保障論(社会保険),経済学部,2023年度,金1,第1クォーター,岡田 真理子,E101教室(西2号館)
現代中国経済論A（総論）,経済学部,2023年度,金1,第1クォーター,金澤 孝彰,E104教室(西2号館)
原価計算論Ⅲ,経済学部,2023年度,金1,第1クォーター,岡橋 充明,E103教室(西2号館)
社会保障論(社会福祉),経済学部,2023年度,金1,第2クォーター,岡田 真理子,E101教室(西2号館)
現代中国経済論B（各論）,経済学部,2023年度,金1,第2クォーター,金澤 孝彰,E104教室(西2号館)
原価計算論Ⅰ,経済学部,2023年度,金1,第2クォーター,岡橋 充明,E302教室(西2号館)
卒業研究,経済学部,2023年度,金2,通年,芦田 昌也,E105教室(西2号館)
卒業研究,経済学部,2023年度,金2,通年,藤木 剛康,E204教室(西2号館)
専門演習,経済学部,2023年度,金2,通年,岡田 真理子,E209教室(西2号館)
専門演習,経済学部,2023年度,金2,通年,岡橋 充明,E203教室(西2号館)
ビジネス・キャリア演習Ⅰ,経済学部,2023年度,金2,第1クォーター,本庄 麻美子,E201教室(西2号館)
経済原論A,経済学部,2023年度,金2,第1クォーター,大澤 健,E101教室(西2号館)
経済地誌A,経済学部,2023年度,金2,第1クォーター,藤田 和史,E302教室(西2号館)
組織行動論A,経済学部,2023年度,金2,第1クォーター,厨子 直之,E301教室(西2号館)
経済原論B,経済学部,2023年度,金2,第2クォーター,大澤 健,E101教室(西2号館)
経済地誌B,経済学部,2023年度,金2,第2クォーター,藤田 和史,E302教室(西2号館)
組織行動論B,経済学部,2023年度,金2,第2クォーター,厨子 直之,E301教室(西2号館)
専門演習,経済学部,2023年度,金3,通年,大澤 健,E211教室(西2号館)
専門演習,経済学部,2023年度,金3,通年,厨子 直之,E102教室(西2号館)
ビジネス・キャリア演習Ⅰ,経済学部,2023年度,金3,第1クォーター,本庄 麻美子,E201教室(西2号館)
現代のアメリカ経済政策A,経済学部,2023年度,金3,第1クォーター,藤木 剛康,E101教室(西2号館)
現代のアメリカ経済政策Ｂ,経済学部,2023年度,金3,第2クォーター,藤木 剛康,E101教室(西2号館)
エネルギー経済学C,経済学部,2023年度,金3,第2クォーター,藤井 淳,E302教室(西2号館)
政策科学（公共）,経済学部,2023年度,金4,前期,岡田 真理子,記載なし
卒業研究,経済学部,2023年度,金4,通年,大澤 健,E103教室(西2号館)
卒業研究,経済学部,2023年度,金4,通年,厨子 直之,E102教室(西2号館)
専門演習,経済学部,2023年度,金4,通年,山田 恵一,第一講義室(西1号館)
キャリア・デザイン入門Ⅰ,経済学部,2023年度,金4,第2クォーター,本庄 麻美子,E101教室(西2号館)
基礎演習Ⅰ,経済学部,2023年度,金5,第1クォーター,阿部 秀二郎,E102教室(西2号館)
基礎演習Ⅰ,経済学部,2023年度,金5,第1クォーター,岡田 真理子,E103教室(西2号館)
基礎演習Ⅰ,経済学部,2023年度,金5,第1クォーター,厨子 直之,E104教室(西2号館)
基礎演習Ⅰ,経済学部,2023年度,金5,第1クォーター,藤木 剛康,E105教室(西2号館)
財務会計論A,経済学部,2023年度,金5,第1クォーター,山田 恵一,E301教室(西2号館)
ビジネス情報処理A,経済学部,2023年度,金5,第1クォーター,牧野 真也,記載なし
財務会計論B,経済学部,2023年度,金5,第2クォーター,山田 恵一,E301教室(西2号館)
ビジネス情報処理B,経済学部,2023年度,金5,第2クォーター,牧野 真也,記載なし
ビジネスモデルデザイン,経済学部,2023年度,金6,前期,牧野 真也,記載なし
ラーニング・スキル演習Ⅰ,経済学部,2023年度,他,前期,染屋 光宏,西3号館105(コミュニケーションI)
中小企業論（ファミリービジネス論）,経済学部,2023年度,他,前期,曽根 秀一,E301教室(西2号館)
コーポレート・ガバナンス論,経済学部,2023年度,他,前期,吉村 典久,E101教室(西2号館)
マーケティング戦略論,経済学部,2023年度,他,前期,秦 洋二,E101教室(西2号館)
消費者心理学,経済学部,2023年度,他,前期,羽藤 雅彦,E101教室(西2号館)
商業簿記Ⅰ,経済学部,2023年度,他,前期,三光寺 由実子,記載なし
経営情報システム論,経済学部,2023年度,他,前期,野間口 隆郎,E103教室(西2号館)
金融論入門,経済学部,2023年度,他,前期,簗田 優,E102教室(西2号館)
応用金融論,経済学部,2023年度,他,前期,簗田 優,E102教室(西2号館)
地域調査研究(留学),経済学部,2023年度,他,前期,藤田 和史,記載なし
インターンシップA,経済学部,2023年度,他,通年,長廣 利崇,記載なし
インターンシップB,経済学部,2023年度,他,通年,長廣 利崇,記載なし
インターンシップC,経済学部,2023年度,他,通年,長廣 利崇,記載なし
インターンシップD,経済学部,2023年度,他,通年,長廣 利崇,記載なし
卒業研究,経済学部,2023年度,他,通年,厨子 直之,E102教室(西2号館)
教育実習事前・事後指導,経済学部,2023年度,他,通年,上野 和久,記載なし
教育実習,経済学部,2023年度,他,通年,上野 和久,記載なし
銀行論Ⅱ,経済学部,2023年度,月1,後期,片桐 謙,E103教室(西2号館)
経済学史ⅠA,経済学部,2023年度,月1,第3クォーター,阿部 秀二郎,E101教室(西2号館)
経済学史ⅠB,経済学部,2023年度,月1,第4クォーター,阿部 秀二郎,E101教室(西2号館)
商品企画論,経済学部,2023年度,月2,後期,柳 到亨,E101教室(西2号館)
財政政策総論Ⅱ,経済学部,2023年度,月2,第3クォーター,齊藤 仁,E302教室(西2号館)
Foundations of Finance,経済学部,2023年度,月3,後期,Nabil Maghrebi,E102教室(西2号館)
国際物流論A,経済学部,2023年度,月3,第3クォーター,辻本 勝久,E101教室(西2号館)
流通システム論A,経済学部,2023年度,月3,第3クォーター,柳 到亨,E301教室(西2号館)
情報システムデザインⅡ,経済学部,2023年度,月3,第3クォーター,芦田 昌也,E105教室(西2号館)
国際物流論B,経済学部,2023年度,月3,第4クォーター,辻本 勝久,E302教室(西2号館)
流通システム論B,経済学部,2023年度,月3,第4クォーター,柳 到亨,E301教室(西2号館)
社会思想史,経済学部,2023年度,月4,後期,間庭 大祐,E201教室(西2号館)
交通まちづくり調査研究,経済学部,2023年度,月4,後期,辻本 勝久,E102教室(西2号館)
経営数学B,経済学部,2023年度,月4,第3クォーター,芦田 昌也,E301教室(西2号館)
商法総則,経済学部,2023年度,月4,第3クォーター,清弘 正子,E101教室(西2号館)
キャリア・デザイン入門Ⅱ,経済学部,2023年度,月4,第4クォーター,本庄 麻美子,E302教室(西2号館)
商行為法,経済学部,2023年度,月4,第4クォーター,清弘 正子,E301教室(西2号館)
発展演習,経済学部,2023年度,月5,第4クォーター,阿部 秀二郎,記載なし
発展演習,経済学部,2023年度,月5,第4クォーター,清弘 正子,記載なし
発展演習,経済学部,2023年度,月5,第4クォーター,齊藤 仁,記載なし
発展演習,経済学部,2023年度,月5,第4クォーター,藤原 靖也,記載なし
発展演習,経済学部,2023年度,月5,第4クォーター,Nabil Maghrebi,記載なし
ミクロ経済学Ⅰ,経済学部,2023年度,火1,後期,田村 正興,E101教室(西2号館)
農業政策A（農業政策の展開）,経済学部,2023年度,火1,第3クォーター,岸上 光克,E302教室(西2号館)
工業簿記Ⅳ,経済学部,2023年度,火1,第3クォーター,岡橋 充明,E102教室(西2号館)
農業政策B（品目別農業政策）,経済学部,2023年度,火1,第4クォーター,岸上 光克,E302教室(西2号館)
工業簿記Ⅱ,経済学部,2023年度,火1,第4クォーター,岡橋 充明,E301教室(西2号館)
ゲーム理論,経済学部,2023年度,火2,後期,田村 正興,E301教室(西2号館)
経営学史,経済学部,2023年度,火2,後期,高見 直樹,E201教室(西2号館)
地方財政A,経済学部,2023年度,火2,第3クォーター,齊藤 仁,E302教室(西2号館)
管理会計論C,経済学部,2023年度,火2,第3クォーター,藤原 靖也,E101教室(西2号館)
地方財政B,経済学部,2023年度,火2,第4クォーター,齊藤 仁,E302教室(西2号館)
管理会計論D,経済学部,2023年度,火2,第4クォーター,藤原 靖也,E101教室(西2号館)
国際金融論A,経済学部,2023年度,火3,第3クォーター,岡部 美砂,E301教室(西2号館)
現代グローバル経済論A,経済学部,2023年度,火3,第3クォーター,大澤 健,E101教室(西2号館)
計量経済学入門A,経済学部,2023年度,火3,第3クォーター,竹内 哲治,E103教室(西2号館)
情報マネジメントⅡ,経済学部,2023年度,火3,第3クォーター,岩田 英朗,E104教室(西2号館)
人権総論,経済学部,2023年度,火3,第3クォーター,森口 佳樹,E302教室(西2号館)
国際金融論B,経済学部,2023年度,火3,第4クォーター,岡部 美砂,E301教室(西2号館)
現代グローバル経済論B,経済学部,2023年度,火3,第4クォーター,大澤 健,E101教室(西2号館)
計量経済学入門B,経済学部,2023年度,火3,第4クォーター,竹内 哲治,E103教室(西2号館)
人権各論A,経済学部,2023年度,火3,第4クォーター,森口 佳樹,E302教室(西2号館)
ワールドエコノミーA,経済学部,2023年度,火4,第3クォーター,金澤 孝彰,E101教室(西2号館)
エネルギービジネスA,経済学部,2023年度,火4,第3クォーター,藤井 淳,E302教室(西2号館)
ワールドエコノミーB,経済学部,2023年度,火4,第4クォーター,金澤 孝彰,E101教室(西2号館)
エネルギービジネスB,経済学部,2023年度,火4,第4クォーター,藤井 淳,E302教室(西2号館)
発展演習,経済学部,2023年度,火5,第4クォーター,竹内 哲治,記載なし
発展演習,経済学部,2023年度,火5,第4クォーター,藤井 淳,記載なし
情報処理技術問題演習,経済学部,2023年度,水1,後期,岩田 英朗,E103教室(西2号館)
民法〔総則〕A,経済学部,2023年度,水1,第3クォーター,和田 美智代,E101教室(西2号館)
民法〔総則〕B,経済学部,2023年度,水1,第4クォーター,和田 美智代,E101教室(西2号館)
商業簿記Ⅱ,経済学部,2023年度,水2,後期,三光寺 由実子,記載なし
所得税法A,経済学部,2023年度,水2,第3クォーター,片山 直子,E302教室(西2号館)
民法〔債権各論〕A,経済学部,2023年度,水2,第3クォーター,和田 美智代,E101教室(西2号館)
所得税法B,経済学部,2023年度,水2,第4クォーター,片山 直子,E302教室(西2号館)
民法〔債権各論〕B,経済学部,2023年度,水2,第4クォーター,和田 美智代,E101教室(西2号館)
International Management,経済学部,2023年度,水3,後期,クパニ ルンビディ,E103教室(西2号館)
労働行政実務,経済学部,2023年度,水3,後期,和歌山労働局,E302教室(西2号館)
現代社会実践論－キャリアと公務－,経済学部,2023年度,水3,後期,本庄 麻美子,E201教室(西2号館)
統計学入門A,経済学部,2023年度,水3,第3クォーター,竹内 哲治,E101教室(西2号館)
会計学C,経済学部,2023年度,水3,第3クォーター,齊藤 久美子,E301教室(西2号館)
ECユニット演習ⅡA,経済学部,2023年度,水3,第3クォーター,岡田 真理子,E209教室(西2号館)
統計学入門B,経済学部,2023年度,水3,第4クォーター,竹内 哲治,E101教室(西2号館)
会計学D,経済学部,2023年度,水3,第4クォーター,齊藤 久美子,E301教室(西2号館)
ECユニット演習ⅡB,経済学部,2023年度,水3,第4クォーター,岡田 真理子,E209教室(西2号館)
経済史総論A,経済学部,2023年度,水4,第3クォーター,長廣 利崇,E101教室(西2号館)
International EconomicsA,経済学部,2023年度,水4,第3クォーター,岡部 美砂,E301教室(西2号館)
ソーシャルビジネス論A,経済学部,2023年度,水4,第3クォーター,高岡 伸行,E302教室(西2号館)
会計学原理Ⅱ,経済学部,2023年度,水4,第3クォーター,齊藤 久美子,E103教室(西2号館)
地域分析実験演習A,経済学部,2023年度,水4,第3クォーター,藤田 和史,学術情報センター第1演習室(西5号館)
経済史総論B,経済学部,2023年度,水4,第4クォーター,長廣 利崇,E101教室(西2号館)
International EconomicsB,経済学部,2023年度,水4,第4クォーター,岡部 美砂,E201教室(西2号館)
ソーシャルビジネス論B,経済学部,2023年度,水4,第4クォーター,高岡 伸行,E301教室(西2号館)
消費税法B,経済学部,2023年度,水4,第4クォーター,片山 直子,E302教室(西2号館)
地域分析実験演習B,経済学部,2023年度,水4,第4クォーター,藤田 和史,学術情報センター第3演習室(西5号館)
企業データ分析,経済学部,2023年度,水5,第3クォーター,齊藤 久美子,E101教室(西2号館)
発展演習,経済学部,2023年度,水5,第4クォーター,岡田 真理子,記載なし
発展演習,経済学部,2023年度,水5,第4クォーター,金川 めぐみ,記載なし
発展演習,経済学部,2023年度,水5,第4クォーター,高岡 伸行,記載なし
発展演習,経済学部,2023年度,水5,第4クォーター,團野 正浩,記載なし
発展演習,経済学部,2023年度,水5,第4クォーター,長廣 利崇,記載なし
発展演習,経済学部,2023年度,水5,第4クォーター,藤田 和史,記載なし
マネーの経済学,経済学部,2023年度,木1,後期,片桐 謙,E201教室(西2号館)
都市政策,経済学部,2023年度,木1,後期,上野 美咲,E101教室(西2号館)
日本経済史A,経済学部,2023年度,木1,第3クォーター,長廣 利崇,E302教室(西2号館)
労働法B,経済学部,2023年度,木1,第3クォーター,金川 めぐみ,E301教室(西2号館)
行政作用法C,経済学部,2023年度,木1,第3クォーター,森口 佳樹,E104教室(西2号館)
発展演習,経済学部,2023年度,木1,第4クォーター,足立 基浩,記載なし
発展演習,経済学部,2023年度,木1,第4クォーター,岩田 英朗,記載なし
発展演習,経済学部,2023年度,木1,第4クォーター,岡橋 充明,記載なし
発展演習,経済学部,2023年度,木1,第4クォーター,岡部 美砂,記載なし
発展演習,経済学部,2023年度,木1,第4クォーター,金澤 孝彰,記載なし
日本経済史B,経済学部,2023年度,木1,第4クォーター,長廣 利崇,E302教室(西2号館)
行政法総論,経済学部,2023年度,木1,第4クォーター,森口 佳樹,E301教室(西2号館)
マクロ経済学Ⅱ,経済学部,2023年度,木2,後期,佐藤 健治,E301教室(西2号館)
政策統計解析A,経済学部,2023年度,木2,第3クォーター,足立 基浩,E302教室(西2号館)
監査論Ⅱ,経済学部,2023年度,木2,第3クォーター,藤原 靖也,E105教室(西2号館)
発展演習,経済学部,2023年度,木2,第4クォーター,芦田 昌也,記載なし
発展演習,経済学部,2023年度,木2,第4クォーター,大澤 健,記載なし
発展演習,経済学部,2023年度,木2,第4クォーター,片桐 謙,記載なし
発展演習,経済学部,2023年度,木2,第4クォーター,片山 直子,記載なし
発展演習,経済学部,2023年度,木2,第4クォーター,厨子 直之,記載なし
発展演習,経済学部,2023年度,木2,第4クォーター,高見 直樹,記載なし
発展演習,経済学部,2023年度,木2,第4クォーター,田村 正興,記載なし
発展演習,経済学部,2023年度,木2,第4クォーター,辻本 勝久,記載なし
発展演習,経済学部,2023年度,木2,第4クォーター,藤木 剛康,記載なし
発展演習,経済学部,2023年度,木2,第4クォーター,本庄 麻美子,記載なし
発展演習,経済学部,2023年度,木2,第4クォーター,森口 佳樹,記載なし
発展演習,経済学部,2023年度,木2,第4クォーター,柳 到亨,記載なし
政策統計解析B,経済学部,2023年度,木2,第4クォーター,足立 基浩,E302教室(西2号館)
現代日本経済論,経済学部,2023年度,木3,後期,佐藤 健治,E101教室(西2号館)
経営戦略論,経済学部,2023年度,木4,後期,林 侑輝,E101教室(西2号館)
商業簿記Ⅳ,経済学部,2023年度,木4,後期,土田 俊也,E302教室(西2号館)
教職実践演習（高）,経済学部,2023年度,木4木5,後期,教職実践演習運営委員,記載なし
アグリビジネス実践論A,経済学部,2023年度,木4,第3クォーター,河村 能夫,第一講義室(西1号館)
アグリビジネス実践論B,経済学部,2023年度,木4,第4クォーター,河村 能夫,第一講義室(西1号館)
社会政策（概論）,経済学部,2023年度,金1,第3クォーター,岡田 真理子,E101教室(西2号館)
原価計算論Ⅳ,経済学部,2023年度,金1,第3クォーター,岡橋 充明,E103教室(西2号館)
社会政策(社会保障),経済学部,2023年度,金1,第4クォーター,岡田 真理子,E101教室(西2号館)
原価計算論Ⅱ,経済学部,2023年度,金1,第4クォーター,岡橋 充明,E103教室(西2号館)
ビジネス・キャリア演習Ⅱ,経済学部,2023年度,金2,第3クォーター,本庄 麻美子,E301教室(西2号館)
市場経済論A,経済学部,2023年度,金2,第3クォーター,大澤 健,E101教室(西2号館)
財務会計論C,経済学部,2023年度,金2,第3クォーター,山田 恵一,第一講義室(西1号館)
経営学問題演習A,経済学部,2023年度,金2,第3クォーター,厨子 直之,E103教室(西2号館)
市場経済論B,経済学部,2023年度,金2,第4クォーター,大澤 健,E101教室(西2号館)
財務会計論D,経済学部,2023年度,金2,第4クォーター,山田 恵一,第一講義室(西1号館)
経営学問題演習B,経済学部,2023年度,金2,第4クォーター,厨子 直之,E103教室(西2号館)
ビジネス・キャリア演習Ⅱ,経済学部,2023年度,金3,第3クォーター,本庄 麻美子,E301教室(西2号館)
通商政策A,経済学部,2023年度,金3,第3クォーター,藤木 剛康,E201教室(西2号館)
財務会計論E,経済学部,2023年度,金3,第3クォーター,山田 恵一,第一講義室(西1号館)
通商政策B,経済学部,2023年度,金3,第4クォーター,藤木 剛康,E201教室(西2号館)
エネルギー経済学A,経済学部,2023年度,金3,第4クォーター,藤井 淳,E302教室(西2号館)
財務会計論F,経済学部,2023年度,金3,第4クォーター,山田 恵一,第一講義室(西1号館)
政策科学（地域）,経済学部,2023年度,金4,第3クォーター,足立 基浩,E101教室(西2号館)
エネルギービジネスC,経済学部,2023年度,金4,第3クォーター,藤井 淳,E301教室(西2号館)
政策科学（公共）,経済学部,2023年度,金4,第4クォーター,岡田 真理子,E101教室(西2号館)
ネットワーク分析,経済学部,2023年度,金5,第3クォーター,牧野 真也,記載なし
発展演習,経済学部,2023年度,金5,第4クォーター,岸上 光克,記載なし
発展演習,経済学部,2023年度,金5,第4クォーター,山田 恵一,記載なし
経営学,経済学部,2023年度,金5,第4クォーター,厨子 直之,E101教室(西2号館)
IT基礎,経済学部,2023年度,金5,第4クォーター,牧野 真也,記載なし
システムと情報A,経済学部,2023年度,金6,第3クォーター,牧野 真也,記載なし
システムと情報B,経済学部,2023年度,金6,第4クォーター,牧野 真也,記載なし
ラーニング・スキル演習Ⅱ,経済学部,2023年度,他,後期,早津 俊秀,記載なし
環境計測評価法Ⅰ,システム工学部,2023年度,月1月2,前期,石井 裕介,B101(北3号館)
システム工学入門セミナー,システム工学部,2023年度,月1,前期,谷口 正伸,記載なし
システム工学入門セミナー,システム工学部,2023年度,月1,前期,田内 裕人,記載なし
システム工学入門セミナー,システム工学部,2023年度,月1,前期,土橋 宏規,記載なし
システム工学入門セミナー,システム工学部,2023年度,月1,前期,中島 敦司,記載なし
システム工学入門セミナー,システム工学部,2023年度,月1,前期,中嶋 秀朗,記載なし
システム工学入門セミナー,システム工学部,2023年度,月1,前期,長瀬 賢二,記載なし
システム工学入門セミナー,システム工学部,2023年度,月1,前期,中原 佳夫,記載なし
システム工学入門セミナー,システム工学部,2023年度,月1,前期,中村 恭之,記載なし
システム工学入門セミナー,システム工学部,2023年度,月1,前期,似内 映之,記載なし
システム工学入門セミナー,システム工学部,2023年度,月1,前期,橋本 正人,記載なし
システム工学入門セミナー,システム工学部,2023年度,月1,前期,林 聡子,記載なし
システム工学入門セミナー,システム工学部,2023年度,月1,前期,原田 利宣,記載なし
システム工学入門セミナー,システム工学部,2023年度,月1,前期,平田 隆行,記載なし
システム工学入門セミナー,システム工学部,2023年度,月1,前期,藤本 章宏,記載なし
システム工学入門セミナー,システム工学部,2023年度,月1,前期,松延 拓生,記載なし
システム工学入門セミナー,システム工学部,2023年度,月1,前期,松本 正行,記載なし
システム工学入門セミナー,システム工学部,2023年度,月1,前期,丸 典明,記載なし
システム工学入門セミナー,システム工学部,2023年度,月1,前期,三浦 浩一,記載なし
システム工学入門セミナー,システム工学部,2023年度,月1,前期,幹 浩文,記載なし
システム工学入門セミナー,システム工学部,2023年度,月1,前期,宮川 智子,記載なし
ランドスケープ・エコロジー,システム工学部,2023年度,月2,前期,原 祐二,記載なし
物理数学,システム工学部,2023年度,月2木3,第1クォーター,秋元 郁子,A202(北1号館)
メディア情報数理,システム工学部,2023年度,月2水2,第1クォーター,入野 俊夫,A103(北1号館)
計算機システムＡ,システム工学部,2023年度,月2,第1クォーター,塚田 晃司,A101(北1号館)
基礎化学Ａ,システム工学部,2023年度,月2,第2クォーター,奥野 恒久,E1-101(東1号館)
音響設計論,システム工学部,2023年度,月2水2,第2クォーター,入野 俊夫,A204(北1号館)
計算機システムＢ,システム工学部,2023年度,月2,第2クォーター,塚田 晃司,A101(北1号館)
電磁気学Ⅰ,システム工学部,2023年度,月2木3,第2クォーター,宇野 和行,記載なし
Ｗｅｂアプリケーション構築演習,システム工学部,2023年度,月3月4,前期,村川 猛彦,B202(北3号館)
建設マネジメント,システム工学部,2023年度,月3,前期,河崎 昌之,B101(北3号館)
微分・ベクトル解析,システム工学部,2023年度,月3,前期,幹 浩文,A103(北1号館)
デザイン基礎概論,システム工学部,2023年度,月3月4,第1クォーター,原田 利宣,A202(北1号館)
情報ネットワークＡ,システム工学部,2023年度,月3,第1クォーター,吉野 孝,A101(北1号館)
化学実験Ⅰ,システム工学部,2023年度,月3月4,第1クォーター,矢嶋 摂子,A104(北1号館)
固体物理学Ｂ,システム工学部,2023年度,月3,第1クォーター,秋元 郁子,A203(北1号館)
水土環境実験実習Ａ,システム工学部,2023年度,月3月4,第1クォーター,井伊 博行,記載なし
メディアプログラミング演習,システム工学部,2023年度,月3月4,第2クォーター,床井 浩平,学術情報センター第3演習室(西5号館)
モバイルシステム技術論１,システム工学部,2023年度,月3,第2クォーター,吉野 孝,A202(北1号館)
水土環境実験実習Ｂ,システム工学部,2023年度,月3月4,第2クォーター,井伊 博行,記載なし
半導体工学Ⅰ,システム工学部,2023年度,月3,第2クォーター,宇野 和行,A203(北1号館)
職業指導Ⅰ,システム工学部,2023年度,月4,前期,中前 耕一,A208(北1号館)
情報数学入門１,システム工学部,2023年度,月4,第1クォーター,坂間 千秋,記載なし
離散数学１,システム工学部,2023年度,月4,第1クォーター,坂間 千秋,記載なし
科学技術英語Ａ１,システム工学部,2023年度,月4,第1クォーター,曽我 真人,A203(北1号館)
熱力学,システム工学部,2023年度,月4月5,第2クォーター,松井 徹,A101(北1号館)
情報数学入門２,システム工学部,2023年度,月4,第2クォーター,坂間 千秋,記載なし
離散数学２,システム工学部,2023年度,月4,第2クォーター,坂間 千秋,記載なし
科学技術英語Ａ２,システム工学部,2023年度,月4,第2クォーター,曽我 真人,A203(北1号館)
インテリアデザイン論,システム工学部,2023年度,月5,前期,川角 典弘,A203(北1号館)
基礎プログラミング演習,システム工学部,2023年度,月5水5,第1クォーター,伊原 彰紀,記載なし
基礎生命科学,システム工学部,2023年度,火1水2,第1クォーター,坂本 隆,A203(北1号館)
建築概説１,システム工学部,2023年度,火1,第1クォーター,河崎 昌之,A101(北1号館)
有機化学Ⅰ,システム工学部,2023年度,火1水2,第2クォーター,大須賀 秀次,A203(北1号館)
電子回路Ⅱ,システム工学部,2023年度,火1火2,第2クォーター,宮崎 淳,A103(北1号館)
データ構造とアルゴリズム,システム工学部,2023年度,火1木1,第2クォーター,和田 俊和,A202(北1号館)
建築概説２,システム工学部,2023年度,火1,第2クォーター,河崎 昌之,A101(北1号館)
緑地環境学,システム工学部,2023年度,火2,前期,養父 志乃夫,A203(北1号館)
量子力学ⅡＡ,システム工学部,2023年度,火2,第1クォーター,有本 收,B203(北3号館)
地球科学Ⅰ,システム工学部,2023年度,火2,第1クォーター,井伊 博行,A101(北1号館)
量子力学ⅡＢ,システム工学部,2023年度,火2,第2クォーター,有本 收,B203(北3号館)
地球科学Ⅱ,システム工学部,2023年度,火2,第2クォーター,井伊 博行,A101(北1号館)
プログラム設計技法Ａ,システム工学部,2023年度,火2,第2クォーター,満田 成紀,A104(北1号館)
微積分１,システム工学部,2023年度,火3,前期,今井 敏行,A202(北1号館)
微積分１,システム工学部,2023年度,火3,前期,金江 亮,A104(北1号館)
線形代数１,システム工学部,2023年度,火3,前期,大東 雅幸,A103(北1号館)
社会情報学セミナーⅠ,システム工学部,2023年度,火3火4,前期,吉野 孝,A301(北1号館)
アルゴリズム演習,システム工学部,2023年度,火3火4,前期,風間 一洋,情報通信演習室(北1号館)
生態環境実験実習Ⅰ,システム工学部,2023年度,火3火4,第1クォーター,中島 敦司,"A203(北1号館), B203(北3号館)"
知能ロボット概論,システム工学部,2023年度,火3木3,第1クォーター,中村 恭之,B101(北3号館)
物理学実験Ａ,システム工学部,2023年度,火3火4,第1クォーター,木田 浩嗣,"物理実験室(北3号館), B202(北3号館)"
地域環境システムＡ,システム工学部,2023年度,火3,第1クォーター,山本 祐吾,A101(北1号館)
生態環境実験実習Ⅱ,システム工学部,2023年度,火3火4,第2クォーター,中島 敦司,"A203(北1号館), B203(北3号館)"
フーリエ解析,システム工学部,2023年度,火3火4,第2クォーター,小川原 光一,B101(北3号館)
物理学実験Ｂ,システム工学部,2023年度,火3火4,第2クォーター,木田 浩嗣,"物理実験室(北3号館), B202(北3号館)"
地域環境システムＢ,システム工学部,2023年度,火3,第2クォーター,山本 祐吾,A101(北1号館)
モデリングデザイン,システム工学部,2023年度,火3火4,第2クォーター,原田 利宣,デザイン情報第1実習室(北1号館)
無線通信システム,システム工学部,2023年度,火4,前期,宮本 伸一,A103(北1号館)
統計力学Ⅰ,システム工学部,2023年度,火4,第1クォーター,小田 将人,A202(北1号館)
統計力学Ⅱ,システム工学部,2023年度,火4,第2クォーター,小田 将人,A202(北1号館)
最新情報技術概論,システム工学部,2023年度,火5,前期,葛岡 成晃,E1-101(東1号館)
水土環境工学A,システム工学部,2023年度,火5,第1クォーター,井伊 博行,A103(北1号館)
人工知能,システム工学部,2023年度,水1,前期,松田 憲幸,A103(北1号館)
パターン認識演習,システム工学部,2023年度,水1水2,前期,和田 俊和,情報通信演習室(北1号館)
ディジタル信号処理,システム工学部,2023年度,水1金1,第1クォーター,野村 孝徳,A104(北1号館)
情報理論,システム工学部,2023年度,水1金1,第1クォーター,葛岡 成晃,A101(北1号館)
ディジタル回路,システム工学部,2023年度,水1水2,第1クォーター,村田 頼信,A202(北1号館)
アクチュエータ工学,システム工学部,2023年度,水1水2,第1クォーター,中嶋 秀朗,A204(北1号館)
生物有機化学Ⅰ,システム工学部,2023年度,水1,第1クォーター,坂本 英文,B202(北3号館)
物理化学ⅠＡ,システム工学部,2023年度,水1,第1クォーター,山門 英雄,A203(北1号館)
材料力学,システム工学部,2023年度,水1水2,第2クォーター,松井 徹,B101(北3号館)
ネットワークセキュリティ,システム工学部,2023年度,水1金1,第2クォーター,村川 猛彦,A104(北1号館)
生物有機化学Ⅱ,システム工学部,2023年度,水1,第2クォーター,坂本 英文,B202(北3号館)
物理化学ⅠＢ,システム工学部,2023年度,水1,第2クォーター,山門 英雄,A203(北1号館)
産業エコロジー工学Ａ,システム工学部,2023年度,水2,第1クォーター,吉田 登,A101(北1号館)
情報ネットワークＢ,システム工学部,2023年度,水2,第2クォーター,塚田 晃司,A101(北1号館)
環境数理Ａ２,システム工学部,2023年度,水2,第2クォーター,吉田 登,A103(北1号館)
基礎物理学,システム工学部,2023年度,水3,前期,小田 将人,記載なし
情報システム実験,システム工学部,2023年度,水3水4,前期,天野 敏之,情報通信第1実験室(北1号館)
電子回路Ⅰ,システム工学部,2023年度,水3水4,第1クォーター,小川原 光一,A101(北1号館)
物性力学Ａ,システム工学部,2023年度,水3,第1クォーター,尾崎 信彦,A104(北1号館)
デザイン情報総合演習１,システム工学部,2023年度,水3水4,第1クォーター,床井 浩平,情報通信演習室(北1号館)
有機理論化学Ⅰ,システム工学部,2023年度,水3,第1クォーター,林 聡子,B101(北3号館)
環境デザイン論Ａ,システム工学部,2023年度,水3,第1クォーター,宮川 智子,A103(北1号館)
地域環境解析演習Ａ,システム工学部,2023年度,水3水4,第1クォーター,吉田 登,学術情報センター第3演習室(西5号館)
物性力学Ｂ,システム工学部,2023年度,水3,第2クォーター,尾崎 信彦,A104(北1号館)
デザイン情報総合演習２,システム工学部,2023年度,水3水4,第2クォーター,床井 浩平,情報通信演習室(北1号館)
有機理論化学Ⅱ,システム工学部,2023年度,水3,第2クォーター,林 聡子,B101(北3号館)
地域環境解析演習Ｂ,システム工学部,2023年度,水3水4,第2クォーター,山本 祐吾,学術情報センター第3演習室(西5号館)
工業分析化学,システム工学部,2023年度,木1,前期,中原 佳夫,B202(北3号館)
微分・ベクトル解析演習,システム工学部,2023年度,木1,前期,最田 裕介,A203(北1号館)
プログラミング言語１,システム工学部,2023年度,木1,第1クォーター,福安 直樹,A101(北1号館)
プログラミング言語２,システム工学部,2023年度,木1,第2クォーター,福安 直樹,A101(北1号館)
環境数理Ｂ,システム工学部,2023年度,木3木4,第1クォーター,田内 裕人,学術情報センター第3演習室(西5号館)
複素解析,システム工学部,2023年度,木3木4,第1クォーター,中嶋 秀朗,A103(北1号館)
建築環境工学Ａ,システム工学部,2023年度,木3,第1クォーター,平田 隆行,A104(北1号館)
メディアデザインセミナー１Ａ,システム工学部,2023年度,木3木4,第1クォーター,今井 敏行,デザイン情報第1実習室(北1号館)
化学実験Ⅳ,システム工学部,2023年度,木3木4,第1クォーター,大須賀 秀次,化学実験室(北3号館)
建築環境工学Ｂ,システム工学部,2023年度,木3,第2クォーター,平田 隆行,A104(北1号館)
データマイニング２,システム工学部,2023年度,木3,第2クォーター,陳 金輝,情報通信演習室(北1号館)
メディアデザインセミナー１Ｂ,システム工学部,2023年度,木3木4,第2クォーター,今井 敏行,デザイン情報第1実習室(北1号館)
データ解析,システム工学部,2023年度,木4,前期,八谷 大岳,記載なし
電気電子工学実験Ａ,システム工学部,2023年度,木4木5,前期,松本 正行,MT・EE共同第3実験室(北1号館)
生活環境設計製図Ⅰ,システム工学部,2023年度,木4木5,前期,河崎 昌之,環境S第1CAD・製図室(北3号館)
ソフトウェアエンジニアリング演習Ｂ,システム工学部,2023年度,木4,第1クォーター,満田 成紀,情報通信演習室(北1号館)
ソフトウェアエンジニアリング演習Ｃ,システム工学部,2023年度,木4,第2クォーター,満田 成紀,情報通信演習室(北1号館)
領域・メジャー紹介講義,システム工学部,2023年度,木5,前期,吉野 孝,E1-101(東1号館)
環境数理Ａ１,システム工学部,2023年度,木5,第1クォーター,山本 秀一,A104(北1号館)
ビジュアル情報演習,システム工学部,2023年度,金1金2,前期,天野 敏之,学術情報センター第1演習室(西5号館)
情報セキュリティと情報倫理１,システム工学部,2023年度,金1,第1クォーター,吉野 孝,記載なし
無機化学Ⅱ,システム工学部,2023年度,金1金2,第1クォーター,橋本 正人,B202(北3号館)
機械設計,システム工学部,2023年度,金1金2,第1クォーター,土橋 宏規,A202(北1号館)
情報セキュリティと情報倫理２,システム工学部,2023年度,金1,第2クォーター,吉野 孝,記載なし
無機化学Ⅰ,システム工学部,2023年度,金1金2,第2クォーター,橋本 正人,B202(北3号館)
電磁波工学,システム工学部,2023年度,金1金2,第2クォーター,松本 正行,A202(北1号館)
応用解析,システム工学部,2023年度,金2,前期,久保 雅弘,A104(北1号館)
都市デザインＡ,システム工学部,2023年度,金2,第1クォーター,佐久間 康富,A103(北1号館)
データマイニング１,システム工学部,2023年度,金2,第1クォーター,陳 金輝,情報通信演習室(北1号館)
都市デザインＢ,システム工学部,2023年度,金2,第2クォーター,佐久間 康富,A103(北1号館)
ＨＣＩ基礎論,システム工学部,2023年度,金2,第2クォーター,曽我 真人,B101(北3号館)
微積分１,システム工学部,2023年度,金3,前期,井前 讓,A101(北1号館)
線形代数１,システム工学部,2023年度,金3,前期,大東 雅幸,A104(北1号館)
線形代数１,システム工学部,2023年度,金3,前期,久保 雅弘,A103(北1号館)
情報化学演習,システム工学部,2023年度,金3,前期,林 聡子,B101(北3号館)
環境システム基礎製図Ⅰ,システム工学部,2023年度,金3金4金5,前期,平田 隆行,環境S第1CAD・製図室(北3号館)
水理学,システム工学部,2023年度,金3金4,第1クォーター,江種 伸之,A202(北1号館)
イメージ情報処理Ａ,システム工学部,2023年度,金3,第1クォーター,柾谷 明大,B202(北3号館)
材料工学実験Ａ,システム工学部,2023年度,金3金4,第1クォーター,小田 将人,物理実験室(北3号館)
イメージ情報処理Ｂ,システム工学部,2023年度,金3,第2クォーター,柾谷 明大,B202(北3号館)
材料工学実験Ｂ,システム工学部,2023年度,金3金4,第2クォーター,小田 将人,物理実験室(北3号館)
水土環境工学B,システム工学部,2023年度,金3,第2クォーター,江種 伸之,A202(北1号館)
分析化学Ⅰ,システム工学部,2023年度,金4,前期,矢嶋 摂子,B101(北3号館)
機械電子制御実験,システム工学部,2023年度,金4金5,前期,丸 典明,MT・EE共同第3実験室(北1号館)
建築設備Ⅰ,システム工学部,2023年度,金4,第1クォーター,石田 正之,B202(北3号館)
建築設備Ⅱ,システム工学部,2023年度,金4,第2クォーター,中野 格,B202(北3号館)
ソフトウェア工学概論,システム工学部,2023年度,金4,第2クォーター,伊原 彰紀,A104(北1号館)
環境デザイン演習Ｂ,システム工学部,2023年度,他,前期,佐久間 康富,記載なし
科学技術英語Ｂ,システム工学部,2023年度,他,前期,尾崎 信彦,記載なし
科学技術英語Ｂ,システム工学部,2023年度,他,前期,矢嶋 摂子,記載なし
災害情報学,システム工学部,2023年度,他,前期,塚田 晃司,記載なし
地域データ活用法,システム工学部,2023年度,他,前期,満田 成紀,記載なし
インシデントレスポンス演習,システム工学部,2023年度,他,前期,川橋 裕,記載なし
電波・電気通信事業法規,システム工学部,2023年度,他,前期,村井 清和,記載なし
卒業研究（MT）,システム工学部,2023年度,他,通年,中嶋 秀朗,記載なし
卒業研究（EE）,システム工学部,2023年度,他,通年,松本 正行,記載なし
卒業研究（ME）,システム工学部,2023年度,他,通年,尾崎 信彦,記載なし
卒業研究（CH),システム工学部,2023年度,他,通年,矢嶋 摂子,記載なし
卒業研究（II),システム工学部,2023年度,他,通年,和田 俊和,記載なし
卒業研究（NI),システム工学部,2023年度,他,通年,葛岡 成晃,記載なし
卒業研究（ES),システム工学部,2023年度,他,通年,江種 伸之,記載なし
卒業研究（ED),システム工学部,2023年度,他,通年,中島 敦司,記載なし
卒業研究（MD),システム工学部,2023年度,他,通年,今井 敏行,記載なし
卒業研究（SI),システム工学部,2023年度,他,通年,吉野 孝,記載なし
ウェブデザイン演習Ａ,システム工学部,2023年度,他,第1クォーター,満田 成紀,記載なし
ウェブデザイン演習Ｂ,システム工学部,2023年度,他,第2クォーター,満田 成紀,記載なし
計算機システム入門１,システム工学部,2023年度,月1,第3クォーター,塚田 晃司,記載なし
森林環境学,システム工学部,2023年度,月1月2,第3クォーター,中島 敦司,記載なし
構造解析,システム工学部,2023年度,月1木1,第3クォーター,奥野 恒久,B203(北3号館)
有機合成化学Ⅰ,システム工学部,2023年度,月1,第3クォーター,大須賀 秀次,B202(北3号館)
計算機システム入門２,システム工学部,2023年度,月1,第4クォーター,塚田 晃司,記載なし
生命科学,システム工学部,2023年度,月1木1,第4クォーター,坂本 隆,A103(北1号館)
有機合成化学Ⅱ,システム工学部,2023年度,月1,第4クォーター,大須賀 秀次,B202(北3号館)
微積分１,システム工学部,2023年度,月2,後期,井前 讓,A104(北1号館)
化学演習,システム工学部,2023年度,月2,後期,奥野 恒久,B203(北3号館)
データベースアーキテクチャ,システム工学部,2023年度,月2,後期,風間 一洋,A101(北1号館)
光学,システム工学部,2023年度,月2金2,第3クォーター,野村 孝徳,A103(北1号館)
光電子工学,システム工学部,2023年度,月2,第3クォーター,宮崎 淳,B202(北3号館)
プログラム設計技法Ｂ,システム工学部,2023年度,月2,第3クォーター,満田 成紀,A301(北1号館)
図形数理Ａ,システム工学部,2023年度,月2,第3クォーター,今井 敏行,A202(北1号館)
光電子物性学,システム工学部,2023年度,月2,第4クォーター,秋元 郁子,B202(北3号館)
図形数理Ｂ,システム工学部,2023年度,月2,第4クォーター,今井 敏行,A202(北1号館)
データサイエンス概論２,システム工学部,2023年度,月2,第4クォーター,伊原 彰紀,情報通信演習室(北1号館)
機械力学,システム工学部,2023年度,月3月4,第3クォーター,長瀬 賢二,A203(北1号館)
デザイン表現演習,システム工学部,2023年度,月3月4,第3クォーター,川角 典弘,学術情報センター第3演習室(西5号館)
ＵＸデザイン演習,システム工学部,2023年度,月3月4,第3クォーター,原田 利宣,デザイン情報第1実習室(北1号館)
ナノ結晶工学概論,システム工学部,2023年度,月3,第3クォーター,尾崎 信彦,B202(北3号館)
モバイルシステム技術論２,システム工学部,2023年度,月3,第3クォーター,吉野 孝,A104(北1号館)
都市環境設計製図Ａ,システム工学部,2023年度,月3月4,第3クォーター,高砂 正弘,環境S第1CAD・製図室(北3号館)
数値解析Ⅰ,システム工学部,2023年度,月3,第3クォーター,宇野 和行,A103(北1号館)
情報ネットワーク演習Ａ,システム工学部,2023年度,月3月4,第3クォーター,村川 猛彦,A202(北1号館)
環境情報演習Ａ,システム工学部,2023年度,月3月4,第3クォーター,山本 秀一,B101(北3号館)
ナノ物性概論,システム工学部,2023年度,月3,第4クォーター,尾崎 信彦,B202(北3号館)
都市環境設計製図Ｂ,システム工学部,2023年度,月3月4,第4クォーター,高砂 正弘,環境S第1CAD・製図室(北3号館)
数値解析Ⅱ,システム工学部,2023年度,月3,第4クォーター,宇野 和行,A103(北1号館)
情報ネットワーク演習Ｂ,システム工学部,2023年度,月3月4,第4クォーター,塚田 晃司,A202(北1号館)
電気電子工学実験Ｂ,システム工学部,2023年度,月4月5,後期,宮崎 淳,MT・EE共同第3実験室(北1号館)
職業指導Ⅱ,システム工学部,2023年度,月4,後期,中前 耕一,A208(北1号館)
機能デバイス概論,システム工学部,2023年度,月4,第3クォーター,木田 浩嗣,B202(北3号館)
アルゴリズム設計Ｂ,システム工学部,2023年度,月4,第4クォーター,満田 成紀,A203(北1号館)
機能デバイス材料学,システム工学部,2023年度,月4,第4クォーター,木田 浩嗣,B202(北3号館)
確率統計,システム工学部,2023年度,火1,後期,葛岡 成晃,A101(北1号館)
確率統計,システム工学部,2023年度,火1,後期,金江 亮,A202(北1号館)
線形代数２,システム工学部,2023年度,火1,後期,久保 雅弘,A104(北1号館)
オブジェクト指向プログラミング演習,システム工学部,2023年度,火1火2,後期,大平 雅雄,B101(北3号館)
ロボット工学,システム工学部,2023年度,火1火2,第3クォーター,丸 典明,A204(北1号館)
物理化学ⅡＡ,システム工学部,2023年度,火1,第3クォーター,山門 英雄,A203(北1号館)
地球環境科学,システム工学部,2023年度,火1火2,第3クォーター,井伊 博行,A103(北1号館)
ロボットビジョン,システム工学部,2023年度,火1火2,第4クォーター,丸 典明,A204(北1号館)
物理化学ⅡＢ,システム工学部,2023年度,火1,第4クォーター,山門 英雄,A203(北1号館)
環境経済・政策学Ａ,システム工学部,2023年度,火2,第3クォーター,山本 祐吾,A104(北1号館)
デザイン企画論Ａ,システム工学部,2023年度,火2,第3クォーター,原田 利宣,A203(北1号館)
電磁気学Ⅱ,システム工学部,2023年度,火2水3,第3クォーター,木田 浩嗣,"A101(北1号館), A103(北1号館)"
都市環境計画Ｂ,システム工学部,2023年度,火2,第4クォーター,吉田 登,A101(北1号館)
デザイン企画論Ｂ,システム工学部,2023年度,火2,第4クォーター,原田 利宣,A203(北1号館)
発想法,システム工学部,2023年度,火2,第4クォーター,吉野 孝,デザイン情報第1実習室(北1号館)
確率統計,システム工学部,2023年度,火3,後期,金江 亮,A103(北1号館)
微積分２,システム工学部,2023年度,火3,後期,今井 敏行,A101(北1号館)
線形代数２,システム工学部,2023年度,火3,後期,久保 雅弘,A104(北1号館)
コンピュータグラフィックス,システム工学部,2023年度,火3火4,第3クォーター,床井 浩平,学術情報センター第3演習室(西5号館)
有機化学Ⅱ,システム工学部,2023年度,火3水1,第3クォーター,林 聡子,B203(北3号館)
電気回路演習,システム工学部,2023年度,火3火4,第3クォーター,幹 浩文,A203(北1号館)
都市環境計画Ａ,システム工学部,2023年度,火3,第3クォーター,吉田 登,A202(北1号館)
データサイエンス概論１,システム工学部,2023年度,火3,第3クォーター,伊原 彰紀,情報通信演習室(北1号館)
情報処理応用,システム工学部,2023年度,火3金4,第4クォーター,土橋 宏規,A301(北1号館)
ＣＧ制作演習,システム工学部,2023年度,火3火4,第4クォーター,床井 浩平,学術情報センター第3演習室(西5号館)
有機材料化学Ａ,システム工学部,2023年度,火3,第4クォーター,中原 佳夫,A203(北1号館)
環境経済・政策学Ｂ,システム工学部,2023年度,火3,第4クォーター,山本 祐吾,A202(北1号館)
微積分２,システム工学部,2023年度,火4,後期,金江 亮,A103(北1号館)
信号とシステム,システム工学部,2023年度,火4,後期,宮本 伸一,A101(北1号館)
量子力学ⅠＡ,システム工学部,2023年度,火4,第3クォーター,小田 将人,B101(北3号館)
建築・環境法規Ａ,システム工学部,2023年度,火4,第3クォーター,田辺 弘幸,A202(北1号館)
環境システム基礎製図Ⅱ,システム工学部,2023年度,火4火5,第3クォーター,平田 隆行,環境S第1CAD・製図室(北3号館)
ソフトウェアエンジニアリング演習Ａ,システム工学部,2023年度,火4,第3クォーター,満田 成紀,A104(北1号館)
量子力学ⅠＢ,システム工学部,2023年度,火4,第4クォーター,小田 将人,B101(北3号館)
産業エコロジー工学Ｂ,システム工学部,2023年度,火4,第4クォーター,吉田 登,A104(北1号館)
住環境設計演習,システム工学部,2023年度,火4火5,第4クォーター,平田 隆行,環境S第1CAD・製図室(北3号館)
基礎化学Ｂ,システム工学部,2023年度,水1,第3クォーター,奥野 恒久,A103(北1号館)
流体力学,システム工学部,2023年度,水1水2,第3クォーター,松井 徹,A101(北1号館)
計測システム,システム工学部,2023年度,水1水2,第3クォーター,村田 頼信,A203(北1号館)
計算機システムＣ,システム工学部,2023年度,水1,第3クォーター,和田 俊和,情報通信演習室(北1号館)
分析化学Ⅱ,システム工学部,2023年度,水2金4,第3クォーター,矢嶋 摂子,B203(北3号館)
生活環境システムＡ,システム工学部,2023年度,水2,第3クォーター,宮川 智子,B101(北3号館)
オペレーティングシステム,システム工学部,2023年度,水2,第3クォーター,伊原 彰紀,A104(北1号館)
アルゴリズム設計Ａ,システム工学部,2023年度,水2,第4クォーター,満田 成紀,A203(北1号館)
情報ネットワークＤ,システム工学部,2023年度,水2,第4クォーター,吉廣 卓哉,A101(北1号館)
情報ネットワーク入門１,システム工学部,2023年度,水3,第3クォーター,吉野 孝,記載なし
制御系設計,システム工学部,2023年度,水3水4,第3クォーター,土橋 宏規,A202(北1号館)
建築計画Ａ,システム工学部,2023年度,水3,第3クォーター,平田 隆行,A101(北1号館)
有機材料化学Ｂ,システム工学部,2023年度,水3,第3クォーター,坂本 英文,B202(北3号館)
情報ネットワーク入門２,システム工学部,2023年度,水3,第4クォーター,塚田 晃司,記載なし
地盤工学,システム工学部,2023年度,水3水4,第4クォーター,江種 伸之,A202(北1号館)
社会情報学セミナーⅡ,システム工学部,2023年度,水3水4金3金4,第4クォーター,吉野 孝,記載なし
建築計画Ｂ,システム工学部,2023年度,水3,第4クォーター,平田 隆行,A101(北1号館)
固体物理学Ａ,システム工学部,2023年度,水3,第4クォーター,尾崎 信彦,B202(北3号館)
人工知能演習,システム工学部,2023年度,木1木2,後期,松田 憲幸,情報通信演習室(北1号館)
プログラミングとアルゴリズム入門１,システム工学部,2023年度,木1,第3クォーター,陳 金輝,記載なし
プログラミングとアルゴリズム入門２,システム工学部,2023年度,木1,第4クォーター,陳 金輝,記載なし
構造力学,システム工学部,2023年度,木2,後期,稲田 竜也,B101(北3号館)
防災工学,システム工学部,2023年度,木3,後期,田内 裕人,A104(北1号館)
ビジュアル情報論,システム工学部,2023年度,木3,後期,天野 敏之,A101(北1号館)
構造材料実験実習,システム工学部,2023年度,木3木4,後期,稲田 竜也,B101(北3号館)
人間工学,システム工学部,2023年度,木3木4,第3クォーター,阪本 清美,A203(北1号館)
サウンドプログラミング演習,システム工学部,2023年度,木3木4,第3クォーター,西村 竜一,A204(北1号館)
化学実験Ⅱ,システム工学部,2023年度,木3木4,第3クォーター,矢嶋 摂子,B203(北3号館)
情報システム開発演習１,システム工学部,2023年度,木3木4,第3クォーター,吉野 孝,デザイン情報第2実習室(北1号館)
半導体工学Ⅱ,システム工学部,2023年度,木3,第3クォーター,宇野 和行,A202(北1号館)
制御工学,システム工学部,2023年度,木3木4,第4クォーター,長瀬 賢二,A103(北1号館)
化学実験Ⅲ,システム工学部,2023年度,木3木4,第4クォーター,坂本 隆,化学実験室(北3号館)
情報システム開発演習２,システム工学部,2023年度,木3木4,第4クォーター,吉野 孝,デザイン情報第2実習室(北1号館)
論理回路,システム工学部,2023年度,木4,後期,中村 恭之,A101(北1号館)
電気回路,システム工学部,2023年度,木4金4,第3クォーター,松本 正行,A103(北1号館)
構造学Ａ,システム工学部,2023年度,木4,第3クォーター,高砂 正弘,A202(北1号館)
構造学Ｂ,システム工学部,2023年度,木4,第4クォーター,高砂 正弘,A202(北1号館)
構造計画Ａ,システム工学部,2023年度,木5,第3クォーター,高砂 正弘,A202(北1号館)
ビジネスインテリジェンス,システム工学部,2023年度,木5,第3クォーター,満田 成紀,A203(北1号館)
構造計画Ｂ,システム工学部,2023年度,木5,第4クォーター,高砂 正弘,A202(北1号館)
線形代数１,システム工学部,2023年度,金1,後期,大東 雅幸,A104(北1号館)
高分子化学,システム工学部,2023年度,金1,後期,坂本 英文,B202(北3号館)
数値計算アルゴリズム演習,システム工学部,2023年度,金1金2,後期,岩崎 慶,記載なし
構造化学,システム工学部,2023年度,金1金2,第4クォーター,橋本 正人,B203(北3号館)
ファシリティ計画概論,システム工学部,2023年度,金2,第3クォーター,川角 典弘,A203(北1号館)
ヒューマンインタフェースデザイン,システム工学部,2023年度,金2,第3クォーター,曽我 真人,A202(北1号館)
システム評価法,システム工学部,2023年度,金2,第4クォーター,曽我 真人,A202(北1号館)
微積分２,システム工学部,2023年度,金3,後期,井前 讓,A203(北1号館)
線形代数２,システム工学部,2023年度,金3,後期,大東 雅幸,A104(北1号館)
物理学演習,システム工学部,2023年度,金3,後期,山門 英雄,A202(北1号館)
環境計測評価法Ⅱ,システム工学部,2023年度,金3金4,第3クォーター,井伊 博行,学術情報センター第3演習室(西5号館)
メディアデザインセミナー２Ａ,システム工学部,2023年度,金3金4,第3クォーター,今井 敏行,記載なし
都市デザイン演習,システム工学部,2023年度,金3金4,第3クォーター,佐久間 康富,環境S第1CAD・製図室(北3号館)
レーザー工学,システム工学部,2023年度,金3,第4クォーター,宮崎 淳,A204(北1号館)
情報ネットワークＣ,システム工学部,2023年度,金4,第3クォーター,吉廣 卓哉,A101(北1号館)
プログラミング言語処理系,システム工学部,2023年度,金4,第4クォーター,和田 俊和,A101(北1号館)
メジャー体験演習Ａ,システム工学部,2023年度,他,後期,吉野 孝,記載なし
メジャー体験演習Ｂ,システム工学部,2023年度,他,後期,吉野 孝,記載なし
ネットワーク情報学演習,システム工学部,2023年度,他,後期,葛岡 成晃,記載なし
知能情報学演習,システム工学部,2023年度,他,後期,和田 俊和,記載なし
機械電子制御研究実習,システム工学部,2023年度,他,後期,中嶋 秀朗,記載なし
化学特論,システム工学部,2023年度,他,後期,矢嶋 摂子,記載なし
応用化学実験,システム工学部,2023年度,他,後期,矢嶋 摂子,記載なし
環境デザイン演習Ａ,システム工学部,2023年度,他,後期,佐久間 康富,記載なし
環境科学演習,システム工学部,2023年度,他,後期,井伊 博行,記載なし
実践的システム開発演習,システム工学部,2023年度,他,後期,満田 成紀,記載なし
電気電子工学研究実習,システム工学部,2023年度,他,後期,松本 正行,記載なし
材料工学実験Ｃ,システム工学部,2023年度,他,後期,尾崎 信彦,記載なし
材料工学セミナー,システム工学部,2023年度,他,後期,尾崎 信彦,記載なし
メディアデザインセミナー２Ｂ,システム工学部,2023年度,他,後期,今井 敏行,記載なし
環境情報演習Ｂ,システム工学部,2023年度,他,第4クォーター,原 祐二,学術情報センター第3演習室(西5号館)
プロジェクト演習,観光学部,2023年度,月1,前期,Adam Doering,T101教室(西4号館)
観光とブランド,観光学部,2023年度,月1月2,第2クォーター,佐々木 壮太郎,E1-102(東1号館)
日本文化演習Ｄ,観光学部,2023年度,月1月2,第2クォーター,白井 陽子,和室(大学会館2階)
観光政策,観光学部,2023年度,月2,前期,青木 義英,T101教室(西4号館)
観光戦略論（ｔ）,観光学部,2023年度,月3月4,第1クォーター,竹林 浩志,E1-103(東1号館)
世界観光地論,観光学部,2023年度,月3月4,第1クォーター,青木 義英,T101教室(西4号館)
観光組織論,観光学部,2023年度,月3月4,第2クォーター,竹林 浩志,E1-103(東1号館)
国際交流論,観光学部,2023年度,月3月4,第2クォーター,青木 義英,T101教室(西4号館)
Strategic Tourism Management,観光学部,2023年度,月3月4,第2クォーター,佐野 楓,E1-203(東1号館)
日本文化演習Ａ,観光学部,2023年度,月3月4,第2クォーター,鎌田 えい子,"E1-306(東1号館), 和室(大学会館2階)"
専門演習Ⅱ,観光学部,2023年度,月5,通年,木川 剛志,E211教室(西2号館)
専門演習Ⅱ,観光学部,2023年度,月5,通年,佐々木 壮太郎,E208教室(西2号館)
専門演習Ⅱ,観光学部,2023年度,月5,通年,堀田 祐三子,E210教室(西2号館)
専門演習Ⅰ,観光学部,2023年度,月5,通年,加藤 久美,E207教室(西2号館)
専門演習Ⅰ,観光学部,2023年度,月5,通年,竹林 浩志,E209教室(西2号館)
Global SeminarⅠ,観光学部,2023年度,月5,通年,加藤 久美,E207教室(西2号館)
Global SeminarⅠ,観光学部,2023年度,月5,通年,竹林 浩志,E209教室(西2号館)
Global SeminarⅡ,観光学部,2023年度,月5,通年,木川 剛志,E211教室(西2号館)
Global SeminarⅡ,観光学部,2023年度,月5,通年,佐々木 壮太郎,E208教室(西2号館)
Global SeminarⅡ,観光学部,2023年度,月5,通年,堀田 祐三子,E210教室(西2号館)
観光空間計画論,観光学部,2023年度,火1火2,第2クォーター,永瀬 節治,T101教室(西4号館)
プロジェクト演習,観光学部,2023年度,火3,前期,永瀬 節治,T101教室(西4号館)
Tourism and Language A,観光学部,2023年度,火3,前期,城山 雅宏,E1-201(東1号館)
Tourism and Culture,観光学部,2023年度,火3火4,第1クォーター,吉田 道代,E1-301(東1号館)
会計学,観光学部,2023年度,火3火4,第1クォーター,八島 雄士,学術情報センター第2演習室(西5号館)
観光と森林,観光学部,2023年度,火3火4,第2クォーター,大浦 由美,E1-101(東1号館)
観光経営特殊講義Ｂ,観光学部,2023年度,火3火4,第2クォーター,高田 宏,E1-303(東1号館)
Customer Relationship Management,観光学部,2023年度,火3火4,第2クォーター,佐野 楓,E1-301(東1号館)
専門演習Ⅱ,観光学部,2023年度,火5,通年,北村 元成,担当教員研究室(西4号館)
専門演習Ⅱ,観光学部,2023年度,火5,通年,佐野 楓,E212教室(西2号館)
専門演習Ⅱ,観光学部,2023年度,火5,通年,澤田 知樹,E208教室(西2号館)
専門演習Ⅱ,観光学部,2023年度,火5,通年,竹林 明,E213教室(西2号館)
専門演習Ⅱ,観光学部,2023年度,火5,通年,永井 隼人,担当教員研究室(西4号館)
専門演習Ⅱ,観光学部,2023年度,火5,通年,八島 雄士,学術情報センター第2演習室(西5号館)
専門演習Ⅰ,観光学部,2023年度,火5,通年,Adam Doering,E206教室(西2号館)
専門演習Ⅰ,観光学部,2023年度,火5,通年,吉田 道代,E209教室(西2号館)
Global SeminarⅠ,観光学部,2023年度,火5,通年,Adam Doering,E206教室(西2号館)
Global SeminarⅠ,観光学部,2023年度,火5,通年,吉田 道代,E209教室(西2号館)
Global SeminarⅡ,観光学部,2023年度,火5,通年,北村 元成,担当教員研究室(西4号館)
Global SeminarⅡ,観光学部,2023年度,火5,通年,佐野 楓,E212教室(西2号館)
Global SeminarⅡ,観光学部,2023年度,火5,通年,澤田 知樹,E208教室(西2号館)
Global SeminarⅡ,観光学部,2023年度,火5,通年,竹林 明,E213教室(西2号館)
Global SeminarⅡ,観光学部,2023年度,火5,通年,永井 隼人,担当教員研究室(西4号館)
Global SeminarⅡ,観光学部,2023年度,火5,通年,八島 雄士,学術情報センター第2演習室(西5号館)
Principles of Tourism C,観光学部,2023年度,水1水2,第1クォーター,Adam Doering,E1-205(東1号館)
観光と医療,観光学部,2023年度,水1水2,第2クォーター,竹田 明弘,T101教室(西4号館)
Principles of Tourism D,観光学部,2023年度,水1水2,第2クォーター,加藤 久美,E1-205(東1号館)
観光表現論,観光学部,2023年度,水2,前期,北村 元成,学術情報センター第3演習室(西5号館)
プロジェクト演習,観光学部,2023年度,水3,前期,竹林 浩志,第二講義室(西1号館)
English Lab Ⅱ,観光学部,2023年度,水3,前期,柴本 百合香,E1-306(東1号館)
わかやま観光事情,観光学部,2023年度,水3水4,第1クォーター,東 悦子,E1-103(東1号館)
観光学概論,観光学部,2023年度,水3水4,第1クォーター,堀田 祐三子,T101教室(西4号館)
観光学概論,観光学部,2023年度,水3水4,第1クォーター,八島 雄士,学術情報センター第2演習室(西5号館)
観光経営論,観光学部,2023年度,水3水4,第1クォーター,竹林 明,E1-203(東1号館)
観光とダイバーシティ,観光学部,2023年度,水3水4,第1クォーター,吉田 道代,E1-102(東1号館)
観光中国語,観光学部,2023年度,水3水4,第2クォーター,後藤 秋美,T101教室(西4号館)
観光地マネジメント論（ｔ）,観光学部,2023年度,水3水4,第2クォーター,竹林 明,E1-103(東1号館)
ファイナンス論,観光学部,2023年度,水3水4,第2クォーター,八島 雄士,学術情報センター第2演習室(西5号館)
専門演習Ⅱ,観光学部,2023年度,水5,通年,加藤 久美,E206教室(西2号館)
専門演習Ⅱ,観光学部,2023年度,水5,通年,竹林 浩志,E210教室(西2号館)
専門演習Ⅱ,観光学部,2023年度,水5,通年,永瀬 節治,担当教員研究室(西4号館)
専門演習Ⅱ,観光学部,2023年度,水5,通年,東 悦子,E212教室(西2号館)
専門演習Ⅱ,観光学部,2023年度,水5,通年,吉田 道代,E207教室(西2号館)
専門演習Ⅰ,観光学部,2023年度,水5,通年,Abhik Chakraborty,E203教室(西2号館)
専門演習Ⅰ,観光学部,2023年度,水5,通年,尾久土 正己,E215教室(西2号館)
専門演習Ⅰ,観光学部,2023年度,水5,通年,木川 剛志,E214教室(西2号館)
専門演習Ⅰ,観光学部,2023年度,水5,通年,北村 元成,担当教員研究室(西4号館)
専門演習Ⅰ,観光学部,2023年度,水5,通年,竹田 明弘,E209教室(西2号館)
専門演習Ⅰ,観光学部,2023年度,水5,通年,竹林 明,E211教室(西2号館)
専門演習Ⅰ,観光学部,2023年度,水5,通年,出口 竜也,E208教室(西2号館)
専門演習Ⅰ,観光学部,2023年度,水5,通年,堀田 祐三子,E213教室(西2号館)
専門演習Ⅰ,観光学部,2023年度,水5,通年,八島 雄士,学術情報センター第2演習室(西5号館)
Global SeminarⅠ,観光学部,2023年度,水5,通年,Abhik Chakraborty,E203教室(西2号館)
Global SeminarⅠ,観光学部,2023年度,水5,通年,尾久土 正己,E215教室(西2号館)
Global SeminarⅠ,観光学部,2023年度,水5,通年,木川 剛志,E214教室(西2号館)
Global SeminarⅠ,観光学部,2023年度,水5,通年,北村 元成,担当教員研究室(西4号館)
Global SeminarⅠ,観光学部,2023年度,水5,通年,竹田 明弘,E209教室(西2号館)
Global SeminarⅠ,観光学部,2023年度,水5,通年,竹林 明,E211教室(西2号館)
Global SeminarⅠ,観光学部,2023年度,水5,通年,出口 竜也,E208教室(西2号館)
Global SeminarⅠ,観光学部,2023年度,水5,通年,堀田 祐三子,E213教室(西2号館)
Global SeminarⅠ,観光学部,2023年度,水5,通年,八島 雄士,学術情報センター第2演習室(西5号館)
Global SeminarⅡ,観光学部,2023年度,水5,通年,加藤 久美,E206教室(西2号館)
Global SeminarⅡ,観光学部,2023年度,水5,通年,竹林 浩志,E210教室(西2号館)
Global SeminarⅡ,観光学部,2023年度,水5,通年,永瀬 節治,担当教員研究室(西4号館)
Global SeminarⅡ,観光学部,2023年度,水5,通年,東 悦子,E212教室(西2号館)
Global SeminarⅡ,観光学部,2023年度,水5,通年,吉田 道代,E207教室(西2号館)
国際観光論,観光学部,2023年度,木1木2,第2クォーター,出口 竜也,T101教室(西4号館)
観光キャリアデザイン演習A,観光学部,2023年度,木1木2,第2クォーター,八島 雄士,学術情報センター第2演習室(西5号館)
Academic Skills Ⅲ,観光学部,2023年度,木2,前期,Samuel Sorenson,K208(西4号館)
観光文化特殊講義Ｃ,観光学部,2023年度,木3木4,第1クォーター,小野 健吉,A203(北1号館)
観光プロデュース論,観光学部,2023年度,木3木4,第1クォーター,米山 龍介,T101教室(西4号館)
観光と音楽,観光学部,2023年度,木3木4,第2クォーター,米山 龍介,T101教室(西4号館)
観光文化特殊講義Ｂ,観光学部,2023年度,木3木4,第2クォーター,小野 健吉,A203(北1号館)
Academic Skills Ⅱ,観光学部,2023年度,木5,前期,Abhik Chakraborty,E1-210(東1号館)
基礎演習,観光学部,2023年度,木5,前期,木川 剛志,E1-305(東1号館)
基礎演習,観光学部,2023年度,木5,前期,複数担当教員,記載なし
基礎演習,観光学部,2023年度,木5,前期,北村 元成,E1-303(東1号館)
基礎演習,観光学部,2023年度,木5,前期,澤田 知樹,E1-306(東1号館)
基礎演習,観光学部,2023年度,木5,前期,竹林 浩志,E1-205(東1号館)
基礎演習,観光学部,2023年度,木5,前期,出口 竜也,E1-301(東1号館)
基礎演習,観光学部,2023年度,木5,前期,永瀬 節治,E1-103(東1号館)
基礎演習,観光学部,2023年度,木5,前期,東 悦子,E1-203(東1号館)
基礎演習,観光学部,2023年度,木5,前期,堀田 祐三子,E1-304(東1号館)
基礎演習,観光学部,2023年度,木5,前期,佐々木 啓,E1-201(東1号館)
基礎演習,観光学部,2023年度,木5,前期,遠藤 理一,E1-102(東1号館)
専門演習Ⅱ,観光学部,2023年度,木5,通年,Adam Doering,E202教室(西2号館)
専門演習Ⅱ,観光学部,2023年度,木5,通年,尾久土 正己,E215教室(西2号館)
専門演習Ⅰ,観光学部,2023年度,木5,通年,佐々木 壮太郎,E214教室(西2号館)
専門演習Ⅰ,観光学部,2023年度,木5,通年,佐野 楓,E203教室(西2号館)
Global SeminarⅠ,観光学部,2023年度,木5,通年,佐々木 壮太郎,E214教室(西2号館)
Global SeminarⅠ,観光学部,2023年度,木5,通年,佐野 楓,E203教室(西2号館)
Global SeminarⅡ,観光学部,2023年度,木5,通年,Adam Doering,E202教室(西2号館)
Global SeminarⅡ,観光学部,2023年度,木5,通年,尾久土 正己,E215教室(西2号館)
観光商品論,観光学部,2023年度,金1金2,第1クォーター,大島 安奈,T101教室(西4号館)
プロジェクト演習,観光学部,2023年度,金2,前期,Abhik Chakraborty,E102教室(西2号館)
観光関連法規Ａ,観光学部,2023年度,金3金4,第1クォーター,廣岡 裕一,T101教室(西4号館)
観光とコミュニティ,観光学部,2023年度,金3金4,第1クォーター,神野 直幸,E1-203(東1号館)
Nature Tourism,観光学部,2023年度,金3金4,第1クォーター,Abhik Chakraborty,E1-303(東1号館)
Tourist Behavior,観光学部,2023年度,金3金4,第2クォーター,永井 隼人,E1-303(東1号館)
観光と情報表現,観光学部,2023年度,金3金4,第2クォーター,神野 直幸,E1-203(東1号館)
旅行産業論,観光学部,2023年度,金3金4,第2クォーター,廣岡 裕一,T101教室(西4号館)
専門演習Ⅱ,観光学部,2023年度,金5,通年,Abhik Chakraborty,E208教室(西2号館)
専門演習Ⅱ,観光学部,2023年度,金5,通年,大浦 由美,E204教室(西2号館)
専門演習Ⅱ,観光学部,2023年度,金5,通年,竹田 明弘,E212教室(西2号館)
専門演習Ⅱ,観光学部,2023年度,金5,通年,出口 竜也,E211教室(西2号館)
専門演習Ⅰ,観光学部,2023年度,金5,通年,大浦 由美,E204教室(西2号館)
専門演習Ⅰ,観光学部,2023年度,金5,通年,永井 隼人,E209教室(西2号館)
専門演習Ⅰ,観光学部,2023年度,金5,通年,永瀬 節治,E210教室(西2号館)
専門演習Ⅰ,観光学部,2023年度,金5,通年,東 悦子,E213教室(西2号館)
Global SeminarⅠ,観光学部,2023年度,金5,通年,大浦 由美,E204教室(西2号館)
Global SeminarⅠ,観光学部,2023年度,金5,通年,永井 隼人,E209教室(西2号館)
Global SeminarⅠ,観光学部,2023年度,金5,通年,永瀬 節治,E210教室(西2号館)
Global SeminarⅠ,観光学部,2023年度,金5,通年,東 悦子,E213教室(西2号館)
Global SeminarⅡ,観光学部,2023年度,金5,通年,Abhik Chakraborty,E208教室(西2号館)
Global SeminarⅡ,観光学部,2023年度,金5,通年,大浦 由美,E204教室(西2号館)
Global SeminarⅡ,観光学部,2023年度,金5,通年,竹田 明弘,E212教室(西2号館)
Global SeminarⅡ,観光学部,2023年度,金5,通年,出口 竜也,E211教室(西2号館)
観光ガイド論,観光学部,2023年度,他,通年,出口 竜也,T101教室(西4号館)
地域再生論,観光学部,2023年度,他,通年,竹田 茉耶,T101教室(西4号館)
観光と視覚,観光学部,2023年度,他,通年,木川 剛志,T101教室(西4号館)
Heritage Tourism,観光学部,2023年度,他,通年,加藤 久美,記載なし
地域再生特殊講義Ｂ,観光学部,2023年度,他,通年,中村 勇太朗,A103(北1号館)
Global Corporate Internship A,観光学部,2023年度,他,通年,教務委員長,記載なし
Global Corporate Internship B,観光学部,2023年度,他,通年,教務委員長,記載なし
Global Corporate Internship C,観光学部,2023年度,他,通年,教務委員長,記載なし
Global Corporate Internship D,観光学部,2023年度,他,通年,教務委員長,記載なし
Global Learning Advanced A,観光学部,2023年度,他,通年,国際連携委員長,記載なし
Global Learning Advanced B,観光学部,2023年度,他,通年,国際連携委員長,記載なし
Global Learning Advanced C,観光学部,2023年度,他,通年,国際連携委員長,記載なし
Global Learning Advanced D,観光学部,2023年度,他,通年,国際連携委員長,記載なし
Global Learning Activity A,観光学部,2023年度,他,通年,国際連携委員長,記載なし
Global Learning Activity B,観光学部,2023年度,他,通年,国際連携委員長,記載なし
Global Learning Activity C,観光学部,2023年度,他,通年,国際連携委員長,記載なし
Global Learning Activity D,観光学部,2023年度,他,通年,国際連携委員長,記載なし
プロジェクト自主演習Ａ,観光学部,2023年度,他,通年,複数担当教員,記載なし
プロジェクト自主演習Ｂ,観光学部,2023年度,他,通年,複数担当教員,記載なし
プロジェクト自主演習Ｃ,観光学部,2023年度,他,通年,複数担当教員,記載なし
プロジェクト自主演習Ｄ,観光学部,2023年度,他,通年,複数担当教員,記載なし
Self-Directed Project A,観光学部,2023年度,他,通年,教務委員長,記載なし
Self-Directed Project B,観光学部,2023年度,他,通年,教務委員長,記載なし
Self-Directed Project C,観光学部,2023年度,他,通年,教務委員長,記載なし
Self-Directed Project D,観光学部,2023年度,他,通年,教務委員長,記載なし
プロジェクト演習,観光学部,2023年度,他,通年,木川 剛志,T101教室(西4号館)
プロジェクト演習,観光学部,2023年度,他,通年,複数担当教員,記載なし
プロジェクト演習,観光学部,2023年度,他,通年,竹林 明,記載なし
観光と社会,観光学部,2023年度,他,通年,平井 健文,T101教室(西4号館)
レジャー論（ｔ）,観光学部,2023年度,他,通年,中村 勇太朗,T101教室(西4号館)
Sustainable Destination Management,観光学部,2023年度,他,通年,加藤 久美,記載なし
観光応用プロジェクトA,観光学部,2023年度,他,通年,木川 剛志,T101教室(西4号館)
プロジェクト自主演習E,観光学部,2023年度,他,通年,複数担当教員,記載なし
プロジェクト自主演習F,観光学部,2023年度,他,通年,複数担当教員,記載なし
プロジェクト自主演習G,観光学部,2023年度,他,通年,複数担当教員,記載なし
プロジェクト自主演習H,観光学部,2023年度,他,通年,複数担当教員,記載なし
観光学部インターンシップJ,観光学部,2023年度,他,通年,教務委員長,記載なし
観光学部インターンシップK,観光学部,2023年度,他,通年,教務委員長,記載なし
観光学部インターンシップL,観光学部,2023年度,他,通年,教務委員長,記載なし
観光学部インターンシップM,観光学部,2023年度,他,通年,教務委員長,記載なし
Global Learning Activity E,観光学部,2023年度,他,通年,国際連携委員長,記載なし
Global Learning Activity F,観光学部,2023年度,他,通年,国際連携委員長,記載なし
Global Learning Activity G,観光学部,2023年度,他,通年,国際連携委員長,記載なし
Global Learning Activity H,観光学部,2023年度,他,通年,国際連携委員長,記載なし
Global Learning Activity J,観光学部,2023年度,他,通年,国際連携委員長,記載なし
Global Learning Activity K,観光学部,2023年度,他,通年,国際連携委員長,記載なし
Global Learning Activity L,観光学部,2023年度,他,通年,国際連携委員長,記載なし
Global Learning Activity M,観光学部,2023年度,他,通年,国際連携委員長,記載なし
Global Corporate Internship J,観光学部,2023年度,他,通年,教務委員長,記載なし
Global Corporate Internship K,観光学部,2023年度,他,通年,教務委員長,記載なし
Global Corporate Internship L,観光学部,2023年度,他,通年,教務委員長,記載なし
Global Corporate Internship M,観光学部,2023年度,他,通年,教務委員長,記載なし
Self-Directed Project E,観光学部,2023年度,他,通年,教務委員長,記載なし
Self-Directed Project F,観光学部,2023年度,他,通年,教務委員長,記載なし
Self-Directed Project G,観光学部,2023年度,他,通年,教務委員長,記載なし
Self-Directed Project H,観光学部,2023年度,他,通年,教務委員長,記載なし
Tourism and Environment,観光学部,2023年度,他,通年,岡田 美奈子,E201教室(西2号館)
Global Learning Advanced E,観光学部,2023年度,他,通年,国際連携委員長,記載なし
Global Learning Advanced F,観光学部,2023年度,他,通年,国際連携委員長,記載なし
Global Learning Advanced G,観光学部,2023年度,他,通年,国際連携委員長,記載なし
Global Learning Advanced H,観光学部,2023年度,他,通年,国際連携委員長,記載なし
南信州・飯田フィールドスタディH,観光学部,2023年度,他,通年,大浦 由美,記載なし
プロジェクト自主演習Ａ（LPP以外）,観光学部,2023年度,他,通年,複数担当教員,記載なし
プロジェクト自主演習Ｂ（LPP以外）,観光学部,2023年度,他,通年,複数担当教員,記載なし
プロジェクト自主演習Ｃ（LPP以外）,観光学部,2023年度,他,通年,複数担当教員,記載なし
プロジェクト自主演習Ｄ（LPP以外）,観光学部,2023年度,他,通年,複数担当教員,記載なし
プロジェクト自主演習E（LPP以外）,観光学部,2023年度,他,通年,複数担当教員,記載なし
プロジェクト自主演習F（LPP以外）,観光学部,2023年度,他,通年,複数担当教員,記載なし
プロジェクト自主演習G（LPP以外）,観光学部,2023年度,他,通年,複数担当教員,記載なし
プロジェクト自主演習H（LPP以外）,観光学部,2023年度,他,通年,複数担当教員,記載なし
基礎自主演習Ａ,観光学部,2023年度,他,通年,複数担当教員,記載なし
基礎自主演習Ｂ,観光学部,2023年度,他,通年,複数担当教員,記載なし
基礎自主演習Ｃ,観光学部,2023年度,他,通年,複数担当教員,記載なし
基礎自主演習Ａ（LPP以外）,観光学部,2023年度,他,通年,複数担当教員,記載なし
基礎自主演習Ｂ（LPP以外）,観光学部,2023年度,他,通年,複数担当教員,記載なし
基礎自主演習Ｃ（LPP以外）,観光学部,2023年度,他,通年,複数担当教員,記載なし
専門演習Ⅱ,観光学部,2023年度,他5,通年,複数担当教員,記載なし
卒業論文,観光学部,2023年度,他,通年,Abhik Chakraborty,担当教員研究室(西4号館)
卒業論文,観光学部,2023年度,他,通年,Adam Doering,担当教員研究室(西4号館)
卒業論文,観光学部,2023年度,他,通年,大浦 由美,担当教員研究室(西4号館)
卒業論文,観光学部,2023年度,他,通年,尾久土 正己,担当教員研究室(西4号館)
卒業論文,観光学部,2023年度,他,通年,加藤 久美,担当教員研究室(西4号館)
卒業論文,観光学部,2023年度,他,通年,木川 剛志,担当教員研究室(西4号館)
卒業論文,観光学部,2023年度,他,通年,複数担当教員,記載なし
卒業論文,観光学部,2023年度,他,通年,北村 元成,担当教員研究室(西4号館)
卒業論文,観光学部,2023年度,他,通年,佐々木 壮太郎,担当教員研究室(西4号館)
卒業論文,観光学部,2023年度,他,通年,佐野 楓,担当教員研究室(西4号館)
卒業論文,観光学部,2023年度,他,通年,澤田 知樹,担当教員研究室(西4号館)
卒業論文,観光学部,2023年度,他,通年,竹田 明弘,担当教員研究室(西4号館)
卒業論文,観光学部,2023年度,他,通年,竹林 明,担当教員研究室(西4号館)
卒業論文,観光学部,2023年度,他,通年,竹林 浩志,担当教員研究室(西4号館)
卒業論文,観光学部,2023年度,他,通年,出口 竜也,担当教員研究室(西4号館)
卒業論文,観光学部,2023年度,他,通年,永井 隼人,担当教員研究室(西4号館)
卒業論文,観光学部,2023年度,他,通年,永瀬 節治,担当教員研究室(西4号館)
卒業論文,観光学部,2023年度,他,通年,東 悦子,担当教員研究室(西4号館)
卒業論文,観光学部,2023年度,他,通年,堀田 祐三子,担当教員研究室(西4号館)
卒業論文,観光学部,2023年度,他,通年,八島 雄士,担当教員研究室(西4号館)
卒業論文,観光学部,2023年度,他,通年,吉田 道代,担当教員研究室(西4号館)
専門演習Ⅰ,観光学部,2023年度,他5,通年,複数担当教員,記載なし
Global SeminarⅠ,観光学部,2023年度,他5,通年,複数担当教員,記載なし
Global SeminarⅡ,観光学部,2023年度,他5,通年,複数担当教員,記載なし
Dissertation,観光学部,2023年度,他,通年,Abhik Chakraborty,担当教員研究室(西4号館)
Dissertation,観光学部,2023年度,他,通年,Adam Doering,担当教員研究室(西4号館)
Dissertation,観光学部,2023年度,他,通年,大浦 由美,担当教員研究室(西4号館)
Dissertation,観光学部,2023年度,他,通年,尾久土 正己,担当教員研究室(西4号館)
Dissertation,観光学部,2023年度,他,通年,加藤 久美,担当教員研究室(西4号館)
Dissertation,観光学部,2023年度,他,通年,木川 剛志,担当教員研究室(西4号館)
Dissertation,観光学部,2023年度,他,通年,複数担当教員,記載なし
Dissertation,観光学部,2023年度,他,通年,北村 元成,担当教員研究室(西4号館)
Dissertation,観光学部,2023年度,他,通年,佐々木 壮太郎,担当教員研究室(西4号館)
Dissertation,観光学部,2023年度,他,通年,佐野 楓,担当教員研究室(西4号館)
Dissertation,観光学部,2023年度,他,通年,澤田 知樹,担当教員研究室(西4号館)
Dissertation,観光学部,2023年度,他,通年,竹田 明弘,担当教員研究室(西4号館)
Dissertation,観光学部,2023年度,他,通年,竹林 明,担当教員研究室(西4号館)
Dissertation,観光学部,2023年度,他,通年,竹林 浩志,担当教員研究室(西4号館)
Dissertation,観光学部,2023年度,他,通年,出口 竜也,担当教員研究室(西4号館)
Dissertation,観光学部,2023年度,他,通年,永井 隼人,担当教員研究室(西4号館)
Dissertation,観光学部,2023年度,他,通年,永瀬 節治,担当教員研究室(西4号館)
Dissertation,観光学部,2023年度,他,通年,東 悦子,担当教員研究室(西4号館)
Dissertation,観光学部,2023年度,他,通年,堀田 祐三子,担当教員研究室(西4号館)
Dissertation,観光学部,2023年度,他,通年,八島 雄士,担当教員研究室(西4号館)
Dissertation,観光学部,2023年度,他,通年,吉田 道代,担当教員研究室(西4号館)
観光と心,観光学部,2023年度,月1月2,第3クォーター,佐々木 壮太郎,E1-101(東1号館)
観光地形成論,観光学部,2023年度,月1月2,第3クォーター,神田 孝治,E1-301(東1号館)
日本文化演習Ａ,観光学部,2023年度,月1月2,第3クォーター,鎌田 えい子,"T101教室(西4号館), 和室(大学会館2階)"
観光マーケティング論,観光学部,2023年度,月1月2,第4クォーター,佐々木 壮太郎,E1-101(東1号館)
日本文化演習Ａ,観光学部,2023年度,月1月2,第4クォーター,鎌田 えい子,"T101教室(西4号館), 和室(大学会館2階)"
地域再生と関連法規,観光学部,2023年度,月3月4,第3クォーター,澤田 知樹,E1-102(東1号館)
観光メディア論,観光学部,2023年度,月3月4,第3クォーター,神田 孝治,E1-306(東1号館)
Critical Tourism Issues B,観光学部,2023年度,月3月4,第3クォーター,Husna Zainal Abidin,E1-203(東1号館)
日本文化演習Ｂ,観光学部,2023年度,月3月4,第3クォーター,千賀 祥一,"T101教室(西4号館), 和室(大学会館2階)"
日本文化演習Ｃ,観光学部,2023年度,月3月4,第4クォーター,岡田 芳和,T101教室(西4号館)
観光文化論,観光学部,2023年度,火1火2,第3クォーター,遠藤 理一,E1-303(東1号館)
観光と情報発信,観光学部,2023年度,火1火2,第3クォーター,小柴 恵一,T101教室(西4号館)
観光文化特殊講義Ａ,観光学部,2023年度,火1火2,第4クォーター,遠藤 理一,T101教室(西4号館)
Tourism and Language B,観光学部,2023年度,火2,後期,城山 雅宏,E1-304(東1号館)
観光と景観保全,観光学部,2023年度,火3火4,第3クォーター,永瀬 節治,E1-301(東1号館)
Urban Tourism,観光学部,2023年度,火3火4,第3クォーター,吉田 道代,E1-304(東1号館)
観光調査法Ａ,観光学部,2023年度,火3火4,第3クォーター,佐々木 啓,T101教室(西4号館)
観光と宇宙（ｔ）,観光学部,2023年度,火3火4,第3クォーター,澤田 幸輝,E1-102(東1号館)
Local/Rural Tourism,観光学部,2023年度,火3火4,第3クォーター,木川 剛志,E1-305(東1号館)
中山間地域再生論,観光学部,2023年度,火3火4,第4クォーター,阪井 加寿子,T101教室(西4号館)
観光調査法Ｂ,観光学部,2023年度,火3火4,第4クォーター,佐々木 啓,E1-102(東1号館)
Critical Tourism Issues A,観光学部,2023年度,火3火4,第4クォーター,RAFFAEL TIRTAATMADJA,E1-301(東1号館)
プロジェクト演習,観光学部,2023年度,火4,後期,北村 元成,K208(西4号館)
プロジェクト演習,観光学部,2023年度,水2,後期,吉田 道代,T101教室(西4号館)
観光人材論,観光学部,2023年度,水3水4,第3クォーター,竹林 明,E1-103(東1号館)
観光まちづくり論,観光学部,2023年度,水3水4,第3クォーター,堀田 祐三子,T101教室(西4号館)
観光デザイン論（ｔ）,観光学部,2023年度,水3水4,第3クォーター,北村 元成,学術情報センター第3演習室(西5号館)
Ethics of Tourism,観光学部,2023年度,水3水4,第3クォーター,Adam Doering,E1-203(東1号館)
観光と異文化理解,観光学部,2023年度,水3水4,第3クォーター,東 悦子,E1-102(東1号館)
日本文化演習Ｂ,観光学部,2023年度,水3水4,第3クォーター,千賀 祥一,"第二講義室(西1号館), 和室(大学会館2階)"
Tourism and Landscape,観光学部,2023年度,水3水4,第4クォーター,Abhik Chakraborty,E1-203(東1号館)
観光関連法規Ｂ,観光学部,2023年度,水3水4,第4クォーター,澤田 知樹,E1-103(東1号館)
日本文化演習Ｂ,観光学部,2023年度,水3水4,第4クォーター,千賀 祥一,"T101教室(西4号館), 和室(大学会館2階)"
プロジェクト演習,観光学部,2023年度,水4,後期,出口 竜也,E1-210(東1号館)
観光キャリアデザインⅠ,観光学部,2023年度,木1木2,第3クォーター,竹林 明,記載なし
観光キャリアデザインⅡ,観光学部,2023年度,木1木2,第3クォーター,八島 雄士,学術情報センター第2演習室(西5号館)
観光韓国語,観光学部,2023年度,木1木2,第4クォーター,曺 禎敏,T101教室(西4号館)
Academic Skills Ⅰ,観光学部,2023年度,木2,後期,Christopher Garth,E1-304(東1号館)
観光とパフォーマンス,観光学部,2023年度,木3木4,第3クォーター,米山 龍介,T101教室(西4号館)
English Lab ⅠB,観光学部,2023年度,木4,後期,堀田 祐三子,E1-305(東1号館)
プロジェクト演習,観光学部,2023年度,木5,後期,澤田 知樹,E1-304(東1号館)
English Lab ⅠA,観光学部,2023年度,木5,後期,東 悦子,E1-301(東1号館)
サービスマネジメント論,観光学部,2023年度,金1金2,第3クォーター,竹田 明弘,T101教室(西4号館)
Tourism and Hospitality Marketing,観光学部,2023年度,金1金2,第3クォーター,佐野 楓,E1-203(東1号館)
ホスピタリティ論,観光学部,2023年度,金1金2,第4クォーター,竹田 明弘,T101教室(西4号館)
地域再生特殊講義Ａ,観光学部,2023年度,金3金4,第3クォーター,五月女 賢司,T101教室(西4号館)
Principles of Tourism A,観光学部,2023年度,金3金4,第3クォーター,永井 隼人,E1-203(東1号館)
Global Tourism,観光学部,2023年度,金3金4,第3クォーター,Abhik Chakraborty,E1-205(東1号館)
Event Management,観光学部,2023年度,金3金4,第4クォーター,永井 隼人,E1-203(東1号館)
日本観光事情（ｔ）,観光学部,2023年度,金3金4,第4クォーター,廣岡 裕一,T101教室(西4号館)
Principles of Tourism B,観光学部,2023年度,金3金4,第4クォーター,Abhik Chakraborty,E1-205(東1号館)
観光・地域づくり講座,観光学部,2023年度,他,後期,出口 竜也,記載なし
基礎演習,社会インフォマティクス学環,2023年度,木4,前期,竹内 哲治,E1-201(東1号館)
ビジネス基礎,社会インフォマティクス学環,2023年度,木5,第2クォーター,竹田 明弘,E201教室(西2号館)
インフォマティクスのための数学,社会インフォマティクス学環,2023年度,金2,前期,藤永 博,E1-209(東1号館)
統計学入門Ａ,社会インフォマティクス学環,2023年度,他,前期,竹内 哲治,E301教室(西2号館)
統計学入門Ｂ,社会インフォマティクス学環,2023年度,他,前期,竹内 哲治,記載なし
分析基礎演習,社会インフォマティクス学環,2023年度,月3,第3クォーター,松田 憲幸,E1-206(東1号館)
マネー＆バンキング基礎,社会インフォマティクス学環,2023年度,月4,第4クォーター,竹内 哲治,E104教室(西2号館)
論理的思考法概論,社会インフォマティクス学環,2023年度,火2,後期,松田 憲幸,B202(北3号館)